URL,Dernière exploration
https://www.myboat-oi.com/es/bateaux/norman-cross-36r3107-145,2026-03-04
https://www.myboat-oi.com/en/bateaux/toky-9m501812-165,2026-03-04
https://www.myboat-oi.com/de/bateaux/trimaki1711-120,2026-03-03
https://www.myboat-oi.com/en/bateaux/trimaki1711-120,2026-03-03
https://www.myboat-oi.com/en/bateaux/beneteau-flyer-7-8-9-neuf1107-141,2026-03-03
https://www.myboat-oi.com/de/bateaux/beneteau-flyer-7-8-9-neuf1107-141,2026-03-03
https://www.myboat-oi.com/it/bateaux/norman-cross-36r3107-145,2026-03-03
https://www.myboat-oi.com/es/bateaux/dean-4410611-117,2026-03-02
https://www.myboat-oi.com/de/bateaux/bahia-462707-144,2026-03-02
https://www.myboat-oi.com/es/bateaux/lagoon-52s1103-175,2026-03-02
https://www.myboat-oi.com/de/bateaux/lagoon-52s1103-175,2026-03-02
https://www.myboat-oi.com/en/bateaux/lagoon-52s1103-175,2026-03-02
https://www.myboat-oi.com/de/bateaux/lagoon-410-s21702-89,2026-03-02
https://www.myboat-oi.com/nl/bateaux/iris-372502-174,2026-03-02
https://www.myboat-oi.com/es/bateaux/trimaki1711-120,2026-03-01
https://www.myboat-oi.com/nl/bateaux/nouanni-44-deriveur-alu1801-46,2026-03-01
https://www.myboat-oi.com/es/bateaux/lagoon-4701602-54,2026-03-01
https://www.myboat-oi.com/es/bateaux/lagoon-380s21504-131,2026-03-01
https://www.myboat-oi.com/es/bateaux/goelette-14m0907-97,2026-03-01
https://www.myboat-oi.com/en/bateaux/north-wind-470607-136,2026-03-01
https://www.myboat-oi.com/it/bateaux/lagoon-4701602-54,2026-03-01
https://www.myboat-oi.com/es/bateaux/toky-9m501812-165,2026-03-01
https://www.myboat-oi.com/en/bateaux/fontaine-pajot-cumberland-462109-114,2026-03-01
https://www.myboat-oi.com/nl/bateaux/vedette-pro1012-190,2026-02-28
https://www.myboat-oi.com/it/bateaux/iris-372502-174,2026-02-28
https://www.myboat-oi.com/it/bateaux/lagoon-410-s21702-89,2026-02-28
https://www.myboat-oi.com/it/bateaux/drop-260601-37,2026-02-28
https://www.myboat-oi.com/de/bateaux/lagoon-4701602-54,2026-02-27
https://www.myboat-oi.com/es/bateaux/lagoon-410-s21702-89,2026-02-27
https://www.myboat-oi.com/en/bateaux/triptyque-233004-63,2026-02-27
https://www.myboat-oi.com/en/bateaux/astus-205-sport0602-128,2026-02-26
https://www.myboat-oi.com/en/bateaux/speed-7701012-84,2026-02-26
https://www.myboat-oi.com/es/bateaux/dragonfly-280510-78,2026-02-26
https://www.myboat-oi.com/it/bateaux/bahia-462707-144,2026-02-26
https://www.myboat-oi.com/nl/bateaux/astus-205-sport0602-128,2026-02-26
https://www.myboat-oi.com/en/bateaux/beneteau-gran-turismo-401107-140,2026-02-26
https://www.myboat-oi.com/en/bateaux/vedette-pro1012-190,2026-02-26
https://www.myboat-oi.com/es/bateaux/beneteau-gran-turismo-401107-140,2026-02-26
https://www.myboat-oi.com/es/bateaux/vedette-pro1012-190,2026-02-26
https://www.myboat-oi.com/de/bateaux/vedette-pro1012-190,2026-02-26
https://www.myboat-oi.com/en/bateaux/first-2112006-108,2026-02-26
https://www.myboat-oi.com/es/bateaux/trawler-island-gispy-442103-91,2026-02-26
https://www.myboat-oi.com/es/bateaux/hunter-2351906-106,2026-02-26
https://www.myboat-oi.com/nl/bateaux/goelette-14m0907-97,2026-02-25
https://www.myboat-oi.com/it/bateaux/gib-sea-432405-68,2026-02-25
https://www.myboat-oi.com/en/bateaux/goelette-14m0907-97,2026-02-25
https://www.myboat-oi.com/de/bateaux/first-2112006-108,2026-02-25
https://www.myboat-oi.com/es/bateaux/wharram1712-164,2026-02-25
https://www.myboat-oi.com/de/bateaux/wharram1712-164,2026-02-25
https://www.myboat-oi.com/en/bateaux/wharram1712-164,2026-02-25
https://www.myboat-oi.com/it/bateaux/leopard-382202-129,2026-02-24
https://www.myboat-oi.com/nl/bateaux/leopard-382202-129,2026-02-24
https://www.myboat-oi.com/de/bateaux/lagoon-4203105-134,2026-02-24
https://www.myboat-oi.com/en/bateaux/hunraken-ct-431710-4,2026-02-23
https://www.myboat-oi.com/de/bateaux/boutre-gasy1207-99,2026-02-23
https://www.myboat-oi.com/de/bateaux/dragonfly-280510-78,2026-02-23
https://www.myboat-oi.com/es/bateaux/leopard-382202-129,2026-02-23
https://www.myboat-oi.com/en/bateaux/leopard-382202-129,2026-02-23
https://www.myboat-oi.com/en/bateaux/sun-odyssey-349-limited-edition2602-130,2026-02-23
https://www.myboat-oi.com/it/bateaux/grisbi-360912-124,2026-02-23
https://www.myboat-oi.com/nl/bateaux/africat-4200901-9,2026-02-23
https://www.myboat-oi.com/de/bateaux/sun-odyssey-349-limited-edition2602-130,2026-02-23
https://www.myboat-oi.com/nl/bateaux/lagoon-380s21504-131,2026-02-23
https://www.myboat-oi.com/it/bateaux/galapagos-431604-176,2026-02-23
https://www.myboat-oi.com/nl/bateaux/galapagos-431604-176,2026-02-22
https://www.myboat-oi.com/en/bateaux/galapagos-431604-176,2026-02-22
https://www.myboat-oi.com/de/bateaux/jeanneau-45121012-47,2026-02-22
https://www.myboat-oi.com/es/bateaux/galapagos-431604-176,2026-02-22
https://www.myboat-oi.com/de/bateaux/galapagos-431604-176,2026-02-22
https://www.myboat-oi.com/nl/bateaux/vedette-habitable0302-105,2026-02-22
https://www.myboat-oi.com/nl/bateaux/trimaki1711-120,2026-02-22
https://www.myboat-oi.com/es/bateaux/first-2112006-108,2026-02-22
https://www.myboat-oi.com/it/bateaux/trimaki1711-120,2026-02-22
https://www.myboat-oi.com/nl/bateaux/first-2112006-108,2026-02-22
https://www.myboat-oi.com/it/bateaux/first-2112006-108,2026-02-22
https://www.myboat-oi.com/de/bateaux/lagoon-3803001-171,2026-02-21
https://www.myboat-oi.com/es/bateaux/sessa-432409-153,2026-02-21
https://www.myboat-oi.com/de/bateaux/hunter-332504-94,2026-02-21
https://www.myboat-oi.com/de/bateaux/fontaine-pajot-cumberland-462109-114,2026-02-21
https://www.myboat-oi.com/nl/bateaux/dean-4410611-117,2026-02-21
https://www.myboat-oi.com/de/bateaux/astus-205-sport0602-128,2026-02-21
https://www.myboat-oi.com/de/bateaux/toky-9m501812-165,2026-02-21
https://www.myboat-oi.com/de/bateaux/dufour-413001-168,2026-02-21
https://www.myboat-oi.com/nl/bateaux/lagoon-391810-80,2026-02-21
https://www.myboat-oi.com/en/bateaux/lagoon-3803001-171,2026-02-21
https://www.myboat-oi.com/nl/bateaux/dean-3650908-27,2026-02-21
https://www.myboat-oi.com/es/bateaux/bahia-462707-144,2026-02-21
https://www.myboat-oi.com/es/bateaux/sun-odyssey-349-limited-edition2602-130,2026-02-20
https://www.myboat-oi.com/it/bateaux/lagoon-391810-80,2026-02-20
https://www.myboat-oi.com/en/bateaux/dean-4410611-117,2026-02-20
https://www.myboat-oi.com/es/bateaux/lagoon-4203105-134,2026-02-20
https://www.myboat-oi.com/en/bateaux/colombo-aliante-32s2605-179,2026-02-20
https://www.myboat-oi.com/it/bateaux/zar-750207-71,2026-02-20
https://www.myboat-oi.com/en/bateaux/sun-odyssey-331301-40,2026-02-20
https://www.myboat-oi.com/nl/bateaux/hunter-2351906-106,2026-02-20
https://www.myboat-oi.com/en/bateaux/lagoon-4203105-134,2026-02-20
https://www.myboat-oi.com/nl/bateaux/norman-cross-36r3107-145,2026-02-20
https://www.myboat-oi.com/en/bateaux/lacoste-362401-20,2026-02-20
https://www.myboat-oi.com/en/bateaux/maryland-371310-32,2026-02-20
https://www.myboat-oi.com/en/bateaux/lagoon-410-s21702-89,2026-02-20
https://www.myboat-oi.com/de/bateaux/belize-430903-57,2026-02-20
https://www.myboat-oi.com/de/bateaux/norman-cross-36r3107-145,2026-02-20
https://www.myboat-oi.com/es/bateaux/maryland-371310-32,2026-02-20
https://www.myboat-oi.com/de/bateaux/edel-cat-35-open1710-159,2026-02-19
https://www.myboat-oi.com/it/bateaux/edel-cat-35-open1710-159,2026-02-19
https://www.myboat-oi.com/en/bateaux/norman-cross-36r3107-145,2026-02-19
https://www.myboat-oi.com/es/bateaux/bruce-farr-540412-123,2026-02-19
https://www.myboat-oi.com/it/bateaux/power-cat-361410-185,2026-02-19
https://www.myboat-oi.com/nl/bateaux/via-42-deriveur-alu2001-15,2026-02-19
https://www.myboat-oi.com/es/bateaux/looping-572304-60,2026-02-19
https://www.myboat-oi.com/en/bateaux/ultra-mar-shaft-7m301311-186,2026-02-19
https://www.myboat-oi.com/it/bateaux/via-42-deriveur-alu2001-15,2026-02-19
https://www.myboat-oi.com/nl/bateaux/flot-313009-155,2026-02-19
https://www.myboat-oi.com/de/bateaux/dean-4410611-117,2026-02-18
https://www.myboat-oi.com/de/bateaux/maryland-371310-32,2026-02-18
https://www.myboat-oi.com/it/bateaux/dean-4400909-101,2026-02-18
https://www.myboat-oi.com/de/bateaux/via-42-deriveur-alu2001-15,2026-02-18
https://www.myboat-oi.com/en/bateaux/via-42-deriveur-alu2001-15,2026-02-18
https://www.myboat-oi.com/es/bateaux/via-42-deriveur-alu2001-15,2026-02-18
https://www.myboat-oi.com/es/bateaux/hunraken-ct-431710-4,2026-02-18
https://www.myboat-oi.com/en/bateaux/bahia-462707-144,2026-02-18
https://www.myboat-oi.com/en/bateaux/jeanneau-cap-camarat-105-cc2605-180,2026-02-18
https://www.myboat-oi.com/en/bateaux/edel-cat-35-open1710-159,2026-02-18
https://www.myboat-oi.com/it/bateaux/azimut-43s0901-167,2026-02-18
https://www.myboat-oi.com/en/bateaux/hunter-2351906-106,2026-02-18
https://www.myboat-oi.com/de/bateaux/speed-770-od-moi0611-116,2026-02-18
https://www.myboat-oi.com/es/bateaux/astus-205-sport0602-128,2026-02-18
https://www.myboat-oi.com/de/bateaux/jeanneau-cap-camarat-105-cc2605-180,2026-02-17
https://www.myboat-oi.com/nl/bateaux/toky-9m501812-165,2026-02-17
https://www.myboat-oi.com/nl/bateaux/toky-12m1812-166,2026-02-17
https://www.myboat-oi.com/nl/bateaux/donzi-352605-181,2026-02-17
https://www.myboat-oi.com/nl/bateaux/sessa-432409-153,2026-02-17
https://www.myboat-oi.com/it/bateaux/djerba-4702907-183,2026-02-17
https://www.myboat-oi.com/de/bateaux/gib-sea-432405-68,2026-02-17
https://www.myboat-oi.com/it/bateaux/dix-harvey2410-161,2026-02-17
https://www.myboat-oi.com/it/bateaux/dean-4410611-117,2026-02-17
https://www.myboat-oi.com/de/bateaux/lagoon-4503001-172,2026-02-17
https://www.myboat-oi.com/de/bateaux/mahe-361809-111,2026-02-16
https://www.myboat-oi.com/es/bateaux/efo-oyster-343005-132,2026-02-16
https://www.myboat-oi.com/it/bateaux/lagoon-472505-25,2026-02-16
https://www.myboat-oi.com/en/bateaux/vandame-501401-44,2026-02-16
https://www.myboat-oi.com/it/bateaux/mahe-361809-111,2026-02-16
https://www.myboat-oi.com/de/bateaux/marquise-561711-121,2026-02-16
https://www.myboat-oi.com/de/bateaux/first-41s3004-62,2026-02-16
https://www.myboat-oi.com/it/bateaux/hunraken-ct-431710-4,2026-02-16
https://www.myboat-oi.com/de/bateaux/goelette-14m0907-97,2026-02-16
https://www.myboat-oi.com/en/bateaux/techmarine-10700911-119,2026-02-16
https://www.myboat-oi.com/de/bateaux/venezia-421911-162,2026-02-16
https://www.myboat-oi.com/es/bateaux/atch-14600107-26,2026-02-16
https://www.myboat-oi.com/en/bateaux/moira-313107-146,2026-02-16
https://www.myboat-oi.com/es/bateaux/fontaine-pajot-cumberland-462109-114,2026-02-16
https://www.myboat-oi.com/en/bateaux/lagoon-4701602-54,2026-02-16
https://www.myboat-oi.com/en/bateaux/jaguar-380906-96,2026-02-15
https://www.myboat-oi.com/de/bateaux/north-wind-470607-136,2026-02-15
https://www.myboat-oi.com/de/bateaux/norman-cross-261701-12,2026-02-15
https://www.myboat-oi.com/de/bateaux/leopard-462101-18,2026-02-15
https://www.myboat-oi.com/de/bateaux/westerly0611-118,2026-02-15
https://www.myboat-oi.com/de/bateaux/sun-odyssey-331301-40,2026-02-15
https://www.myboat-oi.com/it/bateaux/jeanneau-4512101-17,2026-02-15
https://www.myboat-oi.com/de/bateaux/atch-14600107-26,2026-02-15
https://www.myboat-oi.com/en/bateaux/dean-4400909-101,2026-02-15
https://www.myboat-oi.com/it/bateaux/prao1501-45,2026-02-15
https://www.myboat-oi.com/es/bateaux/boutre-gasy1207-99,2026-02-15
https://www.myboat-oi.com/de/bateaux/trawler-island-gispy-442103-91,2026-02-15
https://www.myboat-oi.com/nl/bateaux/zar-750207-71,2026-02-15
https://www.myboat-oi.com/nl/bateaux/lagoon-4503001-172,2026-02-15
https://www.myboat-oi.com/nl/bateaux/bavaria-500806-135,2026-02-15
https://www.myboat-oi.com/es/bateaux/trawler-cat0602-127,2026-02-15
https://www.myboat-oi.com/en/bateaux/lagoon-462409-152,2026-02-15
https://www.myboat-oi.com/de/bateaux/ocqueteau-olympique-7002909-31,2026-02-14
https://www.myboat-oi.com/nl/bateaux/lagoon-472505-25,2026-02-14
https://www.myboat-oi.com/en/bateaux/boutre-gasy1207-99,2026-02-14
https://www.myboat-oi.com/es/bateaux/bateau-de-verre0112-104,2026-02-14
https://www.myboat-oi.com/en/bateaux/evasion-341910-6,2026-02-14
https://www.myboat-oi.com/nl/bateaux/cap-camara-77-wa2101-16,2026-02-14
https://www.myboat-oi.com/en/bateaux/arvor-180207-72,2026-02-14
https://www.myboat-oi.com/it/bateaux/leopard-462101-18,2026-02-14
https://www.myboat-oi.com/it/bateaux/maldive-320704-93,2026-02-14
https://www.myboat-oi.com/nl/bateaux/venezia-421911-162,2026-02-14
https://www.myboat-oi.com/it/bateaux/riviera-30000510-77,2026-02-14
https://www.myboat-oi.com/es/bateaux/fond-de-verre2606-109,2026-02-14
https://www.myboat-oi.com/de/bateaux/xmc-241007-139,2026-02-14
https://www.myboat-oi.com/it/bateaux/antares-9051502-51,2026-02-14
https://www.myboat-oi.com/en/bateaux/westerly0611-118,2026-02-14
https://www.myboat-oi.com/it/bateaux/africat-4200901-9,2026-02-14
https://www.myboat-oi.com/de/bateaux/grisbi-360912-124,2026-02-14
https://www.myboat-oi.com/en/bateaux/looping-572304-60,2026-02-14
https://www.myboat-oi.com/nl/bateaux/mahe-361809-111,2026-02-14
https://www.myboat-oi.com/en/bateaux/bavaria-500806-135,2026-02-14
https://www.myboat-oi.com/it/bateaux/jeanneau2907-75,2026-02-14
https://www.myboat-oi.com/es/bateaux/cap-camara-77-wa2101-16,2026-02-14
https://www.myboat-oi.com/de/bateaux/vandame-501401-44,2026-02-14
https://www.myboat-oi.com/en/bateaux/venezia-421911-162,2026-02-14
https://www.myboat-oi.com/es/bateaux/jaguar-380906-96,2026-02-14
https://www.myboat-oi.com/nl/bateaux/eleuthera-600405-67,2026-02-14
https://www.myboat-oi.com/de/bateaux/jeanneau-4512101-17,2026-02-14
https://www.myboat-oi.com/en/bateaux/dragonfly-280510-78,2026-02-14
https://www.myboat-oi.com/en/bateaux/lagoon-380s21504-131,2026-02-14
https://www.myboat-oi.com/de/bateaux/moira-313107-146,2026-02-14
https://www.myboat-oi.com/es/bateaux/evasion-341910-6,2026-02-14
https://www.myboat-oi.com/nl/bateaux/north-wind-470607-136,2026-02-14
https://www.myboat-oi.com/nl/bateaux/etap-32-s2203-58,2026-02-14
https://www.myboat-oi.com/es/bateaux/etap-32-s2203-58,2026-02-14
https://www.myboat-oi.com/de/bateaux/deriveur-45-alu1511-82,2026-02-14
https://www.myboat-oi.com/en/bateaux/bateau-de-verre0112-104,2026-02-14
https://www.myboat-oi.com/en/bateaux/norman-cross-261701-12,2026-02-14
https://www.myboat-oi.com/nl/bateaux/hunter-332504-94,2026-02-14
https://www.myboat-oi.com/it/bateaux/speed-7701012-84,2026-02-14
https://www.myboat-oi.com/de/bateaux/cap-camara-77-wa2101-16,2026-02-14
https://www.myboat-oi.com/nl/bateaux/efo-oyster-343005-132,2026-02-14
https://www.myboat-oi.com/es/bateaux/norman-cross-261701-12,2026-02-14
https://www.myboat-oi.com/it/bateaux/etap-32-s2203-58,2026-02-14
https://www.myboat-oi.com/it/bateaux/techmarine-10700911-119,2026-02-14
https://www.myboat-oi.com/es/bateaux/techmarine-10700911-119,2026-02-14
https://www.myboat-oi.com/it/bateaux/trawler-island-gispy-442103-91,2026-02-14
https://www.myboat-oi.com/es/bateaux/jeanneau2907-75,2026-02-14
https://www.myboat-oi.com/es/bateaux/type-argos2608-148,2026-02-14
https://www.myboat-oi.com/it/bateaux/astus-205-sport0602-128,2026-02-14
https://www.myboat-oi.com/nl/bateaux/harmony-471202-173,2026-02-14
https://www.myboat-oi.com/it/bateaux/vandame-501401-44,2026-02-14
https://www.myboat-oi.com/de/bateaux/astove-310504-92,2026-02-14
https://www.myboat-oi.com/en/bateaux/etap-32-s2203-58,2026-02-14
https://www.myboat-oi.com/de/bateaux/bavaria-500806-135,2026-02-14
https://www.myboat-oi.com/es/bateaux/westerly0611-118,2026-02-14
https://www.myboat-oi.com/nl/bateaux/norman-cross-261701-12,2026-02-14
https://www.myboat-oi.com/it/bateaux/westerly0611-118,2026-02-14
https://www.myboat-oi.com/de/bateaux/jaguar-380906-96,2026-02-14
https://www.myboat-oi.com/en/bateaux/ocqueteau-olympique-7002909-31,2026-02-14
https://www.myboat-oi.com/de/bateaux/jeanneau2907-75,2026-02-14
https://www.myboat-oi.com/nl/bateaux/techmarine-10700911-119,2026-02-14
https://www.myboat-oi.com/nl/bateaux/lagoon-4501102-50,2026-02-14
https://www.myboat-oi.com/es/bateaux/trinidad-482807-110,2026-02-14
https://www.myboat-oi.com/nl/bateaux/hunraken-ct-431710-4,2026-02-14
https://www.myboat-oi.com/nl/bateaux/gib-sea-432405-68,2026-02-14
https://www.myboat-oi.com/es/bateaux/belize-431512-35,2026-02-14
https://www.myboat-oi.com/it/bateaux/donzi-352605-181,2026-02-14
https://www.myboat-oi.com/it/bateaux/venezia-421911-162,2026-02-14
https://www.myboat-oi.com/de/bateaux/lagoon-462409-152,2026-02-14
https://www.myboat-oi.com/en/bateaux/grisbi-360912-124,2026-02-14
https://www.myboat-oi.com/es/bateaux/vandame-501401-44,2026-02-14
https://www.myboat-oi.com/es/bateaux/moira-313107-146,2026-02-14
https://www.myboat-oi.com/es/bateaux/edel-cat-35-sport1705-24,2026-02-14
https://www.myboat-oi.com/nl/bateaux/prao1501-45,2026-02-14
https://www.myboat-oi.com/en/bateaux/africat-4200901-9,2026-02-13
https://www.myboat-oi.com/nl/bateaux/ocqueteau-olympique-7002909-31,2026-02-13
https://www.myboat-oi.com/nl/bateaux/grisbi-360912-124,2026-02-13
https://www.myboat-oi.com/nl/bateaux/goelette-german-fres1809-113,2026-02-13
https://www.myboat-oi.com/de/bateaux/looping-572304-60,2026-02-13
https://www.myboat-oi.com/es/bateaux/ocqueteau-olympique-7002909-31,2026-02-13
https://www.myboat-oi.com/nl/bateaux/edel-cat-35-sport1705-24,2026-02-13
https://www.myboat-oi.com/es/bateaux/polycoque-caraibe0812-83,2026-02-13
https://www.myboat-oi.com/it/bateaux/astove-310504-92,2026-02-13
https://www.myboat-oi.com/es/bateaux/lagoon-472505-25,2026-02-13
https://www.myboat-oi.com/it/bateaux/jaguar-380906-96,2026-02-13
https://www.myboat-oi.com/en/bateaux/cotre-acier2007-100,2026-02-13
https://www.myboat-oi.com/es/bateaux/wharram-nakai-mk-iv0210-156,2026-02-13
https://www.myboat-oi.com/it/bateaux/evasion-341910-6,2026-02-13
https://www.myboat-oi.com/de/bateaux/evasion-341910-6,2026-02-13
https://www.myboat-oi.com/en/bateaux/first-41s3004-62,2026-02-13
https://www.myboat-oi.com/it/bateaux/north-wind-470607-136,2026-02-13
https://www.myboat-oi.com/it/bateaux/edel-cat-35-sport1705-24,2026-02-13
https://www.myboat-oi.com/nl/bateaux/first-41s3004-62,2026-02-13
https://www.myboat-oi.com/en/bateaux/type-argos2608-148,2026-02-13
https://www.myboat-oi.com/de/bateaux/sun-odyssey-4190405-65,2026-02-13
https://www.myboat-oi.com/nl/bateaux/xmc-241007-139,2026-02-13
https://www.myboat-oi.com/it/bateaux/trawler-cat0602-127,2026-02-13
https://www.myboat-oi.com/it/bateaux/norman-cross-261701-12,2026-02-13
https://www.myboat-oi.com/nl/bateaux/swan-380511-81,2026-02-13
https://www.myboat-oi.com/nl/bateaux/drop-260601-37,2026-02-13
https://www.myboat-oi.com/nl/bateaux/trawler-cat0602-127,2026-02-13
https://www.myboat-oi.com/es/bateaux/antares-9051502-51,2026-02-13
https://www.myboat-oi.com/en/bateaux/efo-oyster-343005-132,2026-02-13
https://www.myboat-oi.com/es/bateaux/lagoon-391810-80,2026-02-13
https://www.myboat-oi.com/nl/bateaux/westerly0611-118,2026-02-13
https://www.myboat-oi.com/it/bateaux/xmc-241007-139,2026-02-13
https://www.myboat-oi.com/es/bateaux/arvor-180207-72,2026-02-13
https://www.myboat-oi.com/de/bateaux/arvor-180207-72,2026-02-13
https://www.myboat-oi.com/es/bateaux/speed-7701012-84,2026-02-13
https://www.myboat-oi.com/de/bateaux/lagoon-472505-25,2026-02-13
https://www.myboat-oi.com/en/bateaux/trawler-island-gispy-442103-91,2026-02-13
https://www.myboat-oi.com/de/bateaux/prao1501-45,2026-02-13
https://www.myboat-oi.com/en/bateaux/prao1501-45,2026-02-13
https://www.myboat-oi.com/de/bateaux/dean-4400909-101,2026-02-13
https://www.myboat-oi.com/en/bateaux/lagoon-472505-25,2026-02-13
https://www.myboat-oi.com/de/bateaux/goelette-german-fres1809-113,2026-02-13
https://www.myboat-oi.com/en/bateaux/wharram-nakai-mk-iv0210-156,2026-02-13
https://www.myboat-oi.com/es/bateaux/padi-312206-70,2026-02-13
https://www.myboat-oi.com/it/bateaux/wharram-nakai-mk-iv0210-156,2026-02-13
https://www.myboat-oi.com/nl/bateaux/deriveur-45-alu1511-82,2026-02-13
https://www.myboat-oi.com/es/bateaux/prao1501-45,2026-02-13
https://www.myboat-oi.com/nl/bateaux/type-argos2608-148,2026-02-13
https://www.myboat-oi.com/es/bateaux/lagoon-4501102-50,2026-02-13
https://www.myboat-oi.com/de/bateaux/bateau-de-verre0112-104,2026-02-13
https://www.myboat-oi.com/it/bateaux/goelette-german-fres1809-113,2026-02-13
https://www.myboat-oi.com/it/bateaux/hunter-332504-94,2026-02-13
https://www.myboat-oi.com/es/bateaux/grisbi-360912-124,2026-02-13
https://www.myboat-oi.com/nl/bateaux/polycoque-caraibe0812-83,2026-02-13
https://www.myboat-oi.com/es/bateaux/belize-430903-57,2026-02-13
https://www.myboat-oi.com/nl/bateaux/vandame-501401-44,2026-02-13
https://www.myboat-oi.com/en/bateaux/comarine3005-133,2026-02-13
https://www.myboat-oi.com/es/bateaux/lagoon-462409-152,2026-02-13
https://www.myboat-oi.com/nl/bateaux/trawler-island-gispy-442103-91,2026-02-13
https://www.myboat-oi.com/it/bateaux/edel-350311-115,2026-02-13
https://www.myboat-oi.com/nl/bateaux/riviera-30000510-77,2026-02-13
https://www.myboat-oi.com/nl/bateaux/maldive-320704-93,2026-02-13
https://www.myboat-oi.com/en/bateaux/xmc-241007-139,2026-02-13
https://www.myboat-oi.com/nl/bateaux/boutre-gasy1207-99,2026-02-13
https://www.myboat-oi.com/en/bateaux/goelette-german-fres1809-113,2026-02-13
https://www.myboat-oi.com/es/bateaux/first-41s3004-62,2026-02-13
https://www.myboat-oi.com/es/bateaux/sun-odyssey-331301-40,2026-02-13
https://www.myboat-oi.com/it/bateaux/swan-380511-81,2026-02-13
https://www.myboat-oi.com/es/bateaux/wellcraft-scarab-302605-182,2026-02-12
https://www.myboat-oi.com/en/bateaux/gib-sea-432405-68,2026-02-12
https://www.myboat-oi.com/it/bateaux/lagoon-4501102-50,2026-02-12
https://www.myboat-oi.com/en/bateaux/jeanneau-4512101-17,2026-02-12
https://www.myboat-oi.com/de/bateaux/trawler-cat0602-127,2026-02-12
https://www.myboat-oi.com/de/bateaux/wharram-nakai-mk-iv0210-156,2026-02-12
https://www.myboat-oi.com/de/bateaux/belize-431512-35,2026-02-12
https://www.myboat-oi.com/nl/bateaux/leopard-462101-18,2026-02-12
https://www.myboat-oi.com/es/bateaux/leopard-462101-18,2026-02-12
https://www.myboat-oi.com/de/bateaux/techmarine-10700911-119,2026-02-12
https://www.myboat-oi.com/it/bateaux/arvor-180207-72,2026-02-12
https://www.myboat-oi.com/it/bateaux/moira-313107-146,2026-02-12
https://www.myboat-oi.com/en/bateaux/edel-cat-35-sport1705-24,2026-02-12
https://www.myboat-oi.com/en/bateaux/belize-431512-35,2026-02-12
https://www.myboat-oi.com/it/bateaux/belize-430903-57,2026-02-12
https://www.myboat-oi.com/nl/bateaux/speed-7701012-84,2026-02-12
https://www.myboat-oi.com/es/bateaux/bavaria-500806-135,2026-02-12
https://www.myboat-oi.com/en/bateaux/edel-350311-115,2026-02-12
https://www.myboat-oi.com/es/bateaux/astove-310504-92,2026-02-12
https://www.myboat-oi.com/it/bateaux/cotre-acier2007-100,2026-02-12
https://www.myboat-oi.com/en/bateaux/leopard-462101-18,2026-02-12
https://www.myboat-oi.com/it/bateaux/looping-572304-60,2026-02-12
https://www.myboat-oi.com/nl/bateaux/looping-572304-60,2026-02-12
https://www.myboat-oi.com/en/bateaux/maldive-320704-93,2026-02-12
https://www.myboat-oi.com/en/bateaux/lagoon-4501102-50,2026-02-12
https://www.myboat-oi.com/nl/bateaux/sun-odyssey-331301-40,2026-02-12
https://www.myboat-oi.com/nl/bateaux/arvor-180207-72,2026-02-12
https://www.myboat-oi.com/de/bateaux/edel-350311-115,2026-02-12
https://www.myboat-oi.com/de/bateaux/hunraken-ct-431710-4,2026-02-12
https://www.myboat-oi.com/en/bateaux/belize-430903-57,2026-02-12
https://www.myboat-oi.com/de/bateaux/maldive-320704-93,2026-02-12
https://www.myboat-oi.com/it/bateaux/first-41s3004-62,2026-02-12
https://www.myboat-oi.com/nl/bateaux/belize-430903-57,2026-02-12
https://www.myboat-oi.com/it/bateaux/belize-431512-35,2026-02-12
https://www.myboat-oi.com/es/bateaux/goelette-german-fres1809-113,2026-02-12
https://www.myboat-oi.com/en/bateaux/swan-380511-81,2026-02-12
https://www.myboat-oi.com/nl/bateaux/wellcraft-scarab-302605-182,2026-02-12
https://www.myboat-oi.com/de/bateaux/hunter-2351906-106,2026-02-12
https://www.myboat-oi.com/it/bateaux/type-argos2608-148,2026-02-12
https://www.myboat-oi.com/de/bateaux/efo-oyster-343005-132,2026-02-12
https://www.myboat-oi.com/it/bateaux/cap-camara-77-wa2101-16,2026-02-12
https://www.myboat-oi.com/es/bateaux/marquise-561711-121,2026-02-12
https://www.myboat-oi.com/en/bateaux/cap-camara-77-wa2101-16,2026-02-12
https://www.myboat-oi.com/en/bateaux/hunter-332504-94,2026-02-11
https://www.myboat-oi.com/es/bateaux/helia-440405-66,2026-02-10
https://www.myboat-oi.com/de/bateaux/type-argos2608-148,2026-02-10
https://www.myboat-oi.com/it/bateaux/boutre-gasy1207-99,2026-02-10
https://www.myboat-oi.com/es/bateaux/maldive-320704-93,2026-02-10
https://www.myboat-oi.com/it/bateaux/previlege-121409-29,2026-02-09
https://www.myboat-oi.com/de/bateaux/j-701701-13,2026-02-09
https://www.myboat-oi.com/en/bateaux/speed-770-od-moi0611-116,2026-02-08
https://www.myboat-oi.com/nl/bateaux/nautitech-401509-30,2026-02-08
https://www.myboat-oi.com/de/bateaux/atch-14602704-61,2026-02-08
https://www.myboat-oi.com/es/bateaux/leopard-47-de-2004-a-rentrer2101-19,2026-02-08
https://www.myboat-oi.com/it/bateaux/offshore-cruiser-461906-107,2026-02-08
https://www.myboat-oi.com/es/bateaux/tropical-boat1801-14,2026-02-08
https://www.myboat-oi.com/nl/bateaux/marquise-561711-121,2026-02-08
https://www.myboat-oi.com/es/bateaux/prestige-421802-22,2026-02-08
https://www.myboat-oi.com/de/bateaux/rio-8302905-69,2026-02-08
https://www.myboat-oi.com/en/bateaux/leopard-47-de-2004-a-rentrer2101-19,2026-02-08
https://www.myboat-oi.com/en/bateaux/suspens1910-5,2026-02-08
https://www.myboat-oi.com/it/bateaux/bruce-farr-540412-123,2026-02-08
https://www.myboat-oi.com/it/bateaux/lacoste-362401-20,2026-02-08
https://www.myboat-oi.com/nl/bateaux/leopard-472908-149,2026-02-08
https://www.myboat-oi.com/it/bateaux/tropical-boat1801-14,2026-02-08
https://www.myboat-oi.com/nl/bateaux/tropical-boat1801-14,2026-02-08
https://www.myboat-oi.com/nl/bateaux/princess3009-76,2026-02-08
https://www.myboat-oi.com/it/bateaux/princess3009-76,2026-02-08
https://www.myboat-oi.com/it/bateaux/nautitech-401509-30,2026-02-08
https://www.myboat-oi.com/nl/bateaux/gib-sea-432307-142,2026-02-08
https://www.myboat-oi.com/es/bateaux/zar-750207-71,2026-02-08
https://www.myboat-oi.com/es/bateaux/dean-3650908-27,2026-02-08
https://www.myboat-oi.com/en/bateaux/rio-8302905-69,2026-02-08
https://www.myboat-oi.com/en/bateaux/aventurin-542807-74,2026-02-08
https://www.myboat-oi.com/en/bateaux/marquise-561711-121,2026-02-08
https://www.myboat-oi.com/es/bateaux/lagoon-400s21305-95,2026-02-08
https://www.myboat-oi.com/de/bateaux/lagoon-391810-80,2026-02-08
https://www.myboat-oi.com/es/bateaux/suspens1910-5,2026-02-08
https://www.myboat-oi.com/it/bateaux/suspens1910-5,2026-02-08
https://www.myboat-oi.com/en/bateaux/gib-sea-432307-142,2026-02-08
https://www.myboat-oi.com/de/bateaux/offshore-cruiser-461906-107,2026-02-08
https://www.myboat-oi.com/es/bateaux/nautitech-401509-30,2026-02-08
https://www.myboat-oi.com/it/bateaux/atch-14602704-61,2026-02-08
https://www.myboat-oi.com/nl/bateaux/atch-14602704-61,2026-02-08
https://www.myboat-oi.com/nl/bateaux/aventurin-542807-74,2026-02-08
https://www.myboat-oi.com/de/bateaux/dean-3650908-27,2026-02-08
https://www.myboat-oi.com/es/bateaux/offshore-cruiser-461906-107,2026-02-08
https://www.myboat-oi.com/it/bateaux/j-701701-13,2026-02-08
https://www.myboat-oi.com/de/bateaux/suspens1910-5,2026-02-08
https://www.myboat-oi.com/nl/bateaux/bruce-farr-540412-123,2026-02-08
https://www.myboat-oi.com/nl/bateaux/offshore-cruiser-461906-107,2026-02-08
https://www.myboat-oi.com/en/bateaux/prestige-421802-22,2026-02-08
https://www.myboat-oi.com/it/bateaux/gib-sea-432307-142,2026-02-08
https://www.myboat-oi.com/es/bateaux/rio-8302905-69,2026-02-08
https://www.myboat-oi.com/de/bateaux/prestige-421802-22,2026-02-08
https://www.myboat-oi.com/en/bateaux/previlege-121409-29,2026-02-08
https://www.myboat-oi.com/de/bateaux/riviera-30000510-77,2026-02-08
https://www.myboat-oi.com/de/bateaux/zar-750207-71,2026-02-08
https://www.myboat-oi.com/de/bateaux/gib-sea-432307-142,2026-02-08
https://www.myboat-oi.com/it/bateaux/dean-3650908-27,2026-02-08
https://www.myboat-oi.com/nl/bateaux/leopard-47-de-2004-a-rentrer2101-19,2026-02-08
https://www.myboat-oi.com/en/bateaux/nautitech-401509-30,2026-02-08
https://www.myboat-oi.com/en/bateaux/dean-3650908-27,2026-02-08
https://www.myboat-oi.com/en/bateaux/padi-312206-70,2026-02-08
https://www.myboat-oi.com/nl/bateaux/j-701701-13,2026-02-08
https://www.myboat-oi.com/de/bateaux/nautitech-401509-30,2026-02-08
https://www.myboat-oi.com/es/bateaux/gib-sea-432307-142,2026-02-08
https://www.myboat-oi.com/de/bateaux/tropical-boat1801-14,2026-02-08
https://www.myboat-oi.com/en/bateaux/bruce-farr-540412-123,2026-02-08
https://www.myboat-oi.com/de/bateaux/eleuthera-600405-67,2026-02-08
https://www.myboat-oi.com/de/bateaux/sun-shine2312-88,2026-02-08
https://www.myboat-oi.com/de/bateaux/lagoon-400s21305-95,2026-02-08
https://www.myboat-oi.com/es/bateaux/fairline-squadron-472912-36,2026-02-08
https://www.myboat-oi.com/de/bateaux/fairline-squadron-472912-36,2026-02-08
https://www.myboat-oi.com/en/bateaux/sun-shine2312-88,2026-02-08
https://www.myboat-oi.com/de/bateaux/lacoste-362401-20,2026-02-08
https://www.myboat-oi.com/nl/bateaux/lacoste-362401-20,2026-02-08
https://www.myboat-oi.com/de/bateaux/padi-312206-70,2026-02-08
https://www.myboat-oi.com/en/bateaux/j-701701-13,2026-02-08
https://www.myboat-oi.com/es/bateaux/previlege-121409-29,2026-02-08
https://www.myboat-oi.com/es/bateaux/eleuthera-600405-67,2026-02-08
https://www.myboat-oi.com/it/bateaux/leopard-47-de-2004-a-rentrer2101-19,2026-02-08
https://www.myboat-oi.com/es/bateaux/lacoste-362401-20,2026-02-08
https://www.myboat-oi.com/de/bateaux/previlege-121409-29,2026-02-08
https://www.myboat-oi.com/nl/bateaux/suspens1910-5,2026-02-08
https://www.myboat-oi.com/it/bateaux/eleuthera-600405-67,2026-02-08
https://www.myboat-oi.com/it/bateaux/sun-shine2312-88,2026-02-08
https://www.myboat-oi.com/nl/bateaux/sun-shine2312-88,2026-02-08
https://www.myboat-oi.com/en/bateaux/helia-440405-66,2026-02-08
https://www.myboat-oi.com/it/bateaux/fairline-squadron-472912-36,2026-02-08
https://www.myboat-oi.com/en/bateaux/eleuthera-600405-67,2026-02-08
https://www.myboat-oi.com/es/bateaux/princess3009-76,2026-02-08
https://www.myboat-oi.com/en/bateaux/tropical-boat1801-14,2026-02-08
https://www.myboat-oi.com/en/bateaux/offshore-cruiser-461906-107,2026-02-08
https://www.myboat-oi.com/es/bateaux/atch-14602704-61,2026-02-08
https://www.myboat-oi.com/nl/bateaux/fairline-squadron-472912-36,2026-02-08
https://www.myboat-oi.com/en/bateaux/fairline-squadron-472912-36,2026-02-08
https://www.myboat-oi.com/it/bateaux/tropical-boat2112-87,2026-02-08
https://www.myboat-oi.com/it/bateaux/rio-8302905-69,2026-02-08
https://www.myboat-oi.com/nl/bateaux/padi-312206-70,2026-02-08
https://www.myboat-oi.com/en/bateaux/sun-odyssey-4190405-65,2026-02-08
https://www.myboat-oi.com/es/bateaux/riviera-30000510-77,2026-02-08
https://www.myboat-oi.com/it/bateaux/padi-312206-70,2026-02-08
https://www.myboat-oi.com/it/bateaux/helia-440405-66,2026-02-08
https://www.myboat-oi.com/de/bateaux/bruce-farr-540412-123,2026-02-08
https://www.myboat-oi.com/en/bateaux/lagoon-391810-80,2026-02-08
https://www.myboat-oi.com/nl/bateaux/helia-440405-66,2026-02-08
https://www.myboat-oi.com/es/bateaux/marquise-561711-122,2026-02-08
https://www.myboat-oi.com/de/bateaux/aventurin-542807-74,2026-02-08
https://www.myboat-oi.com/nl/bateaux/rio-8302905-69,2026-02-08
https://www.myboat-oi.com/it/bateaux/lagoon-400s21305-95,2026-02-08
https://www.myboat-oi.com/en/bateaux/zar-750207-71,2026-02-08
https://www.myboat-oi.com/en/bateaux/princess3009-76,2026-02-08
https://www.myboat-oi.com/nl/bateaux/marquise-561711-122,2026-02-08
https://www.myboat-oi.com/es/bateaux/sun-shine2312-88,2026-02-08
https://www.myboat-oi.com/nl/bateaux/lagoon-400s21305-95,2026-02-08
https://www.myboat-oi.com/it/bateaux/aventurin-542807-74,2026-02-08
https://www.myboat-oi.com/es/bateaux/sun-odyssey-4190405-65,2026-02-08
https://www.myboat-oi.com/nl/bateaux/sun-odyssey-4190405-65,2026-02-08
https://www.myboat-oi.com/nl/bateaux/fond-de-verre2606-109,2026-02-08
https://www.myboat-oi.com/en/bateaux/fond-de-verre2606-109,2026-02-08
https://www.myboat-oi.com/nl/bateaux/prestige-421802-22,2026-02-08
https://www.myboat-oi.com/de/bateaux/helia-440405-66,2026-02-08
https://www.myboat-oi.com/it/bateaux/prestige-421802-22,2026-02-08
https://www.myboat-oi.com/it/bateaux/fond-de-verre2606-109,2026-02-08
https://www.myboat-oi.com/de/bateaux/marquise-561711-122,2026-02-08
https://www.myboat-oi.com/en/bateaux/marquise-561711-122,2026-02-08
https://www.myboat-oi.com/de/bateaux/tropical-boat2112-87,2026-02-08
https://www.myboat-oi.com/nl/bateaux/tropical-boat2112-87,2026-02-08
https://www.myboat-oi.com/es/bateaux/tropical-boat2112-87,2026-02-08
https://www.myboat-oi.com/es/bateaux/aventurin-542807-74,2026-02-08
https://www.myboat-oi.com/en/bateaux/lagoon-400s21305-95,2026-02-08
https://www.myboat-oi.com/en/bateaux/atch-14602704-61,2026-02-08
https://www.myboat-oi.com/de/bateaux/princess3009-76,2026-02-08
https://www.myboat-oi.com/es/bateaux/j-701701-13,2026-02-08
https://www.myboat-oi.com/de/bateaux/leopard-47-de-2004-a-rentrer2101-19,2026-02-08
https://www.myboat-oi.com/en/bateaux/tropical-boat2112-87,2026-02-08
https://www.myboat-oi.com/it/bateaux/marquise-561711-121,2026-02-08
https://www.myboat-oi.com/en/bateaux/riviera-30000510-77,2026-02-08
https://www.myboat-oi.com/it/bateaux/marquise-561711-122,2026-02-08
https://www.myboat-oi.com/de/bateaux/fond-de-verre2606-109,2026-02-08
https://www.myboat-oi.com/it/bateaux/sun-odyssey-4190405-65,2026-02-08
https://www.myboat-oi.com/de/bateaux/sessa-432409-153,2026-02-08
https://www.myboat-oi.com/de/bateaux/dean-3651705-23,2026-02-08
https://www.myboat-oi.com/nl/bateaux/dean-3651705-23,2026-02-08
https://www.myboat-oi.com/en/bateaux/dean-3651705-23,2026-02-08
https://www.myboat-oi.com/it/bateaux/dean-3651705-23,2026-02-08
https://www.myboat-oi.com/es/bateaux/dean-3651705-23,2026-02-08
https://www.myboat-oi.com/it/bateaux/leopard-472908-149,2026-02-08
https://www.myboat-oi.com/de/bateaux/leopard-472908-149,2026-02-08
https://www.myboat-oi.com/en/bateaux/leopard-472908-149,2026-02-08
https://www.myboat-oi.com/es/bateaux/leopard-472908-149,2026-02-08
https://www.myboat-oi.com/en/bateaux/grand-large-570801-39,2026-02-07
https://www.myboat-oi.com/nl/bateaux/grand-large-570801-39,2026-02-07
https://www.myboat-oi.com/de/bateaux/grand-large-570801-39,2026-02-07
https://www.myboat-oi.com/it/bateaux/grand-large-570801-39,2026-02-07
https://www.myboat-oi.com/de/bateaux/mahe-360202-48,2026-02-07
https://www.myboat-oi.com/es/bateaux/grand-large-570801-39,2026-02-07
https://www.myboat-oi.com/en/bateaux/garin-8m2601-21,2026-02-06
https://www.myboat-oi.com/en/bateaux/mahe-360202-48,2026-02-06
https://www.myboat-oi.com/es/bateaux/balt-6601207-98,2026-02-06
https://www.myboat-oi.com/nl/bateaux/mahe-360202-48,2026-02-06
https://www.myboat-oi.com/it/bateaux/mahe-360202-48,2026-02-06
https://www.myboat-oi.com/es/bateaux/mahe-360202-48,2026-02-06
https://www.myboat-oi.com/nl/bateaux/balt-6601207-98,2026-02-06
https://www.myboat-oi.com/it/bateaux/balt-6601207-98,2026-02-06
https://www.myboat-oi.com/en/bateaux/balt-6601207-98,2026-02-06
https://www.myboat-oi.com/de/bateaux/balt-6601207-98,2026-02-06
https://www.myboat-oi.com/nl/bateaux/speed-770-od-moi0611-116,2026-02-06
https://www.myboat-oi.com/es/bateaux/speed-770-od-moi0611-116,2026-02-06
https://www.myboat-oi.com/it/bateaux/speed-770-od-moi0611-116,2026-02-06
https://www.myboat-oi.com/de/bateaux/wharram-naria-mk-iv2202-55,2026-02-06
https://www.myboat-oi.com/es/bateaux/wharram-naria-mk-iv2202-55,2026-02-06
https://www.myboat-oi.com/it/bateaux/wharram-naria-mk-iv2202-55,2026-02-06
https://www.myboat-oi.com/en/bateaux/wharram-naria-mk-iv2202-55,2026-02-06
https://www.myboat-oi.com/nl/bateaux/wharram-naria-mk-iv2202-55,2026-02-06
https://www.myboat-oi.com/es/bateaux/jeanneau-4512101-17,2026-02-06
https://www.myboat-oi.com/nl/bateaux/jeanneau-4512101-17,2026-02-06
https://www.myboat-oi.com/it/bateaux/triswood2607-73,2026-02-06
https://www.myboat-oi.com/de/bateaux/tropical-boat-14m802804-177,2026-02-06
https://www.myboat-oi.com/nl/bateaux/tropical-boat-14m802804-177,2026-02-06
https://www.myboat-oi.com/es/bateaux/tropical-boat-14m802804-177,2026-02-06
https://www.myboat-oi.com/de/bateaux/comarine3005-133,2026-02-05
https://www.myboat-oi.com/de/bateaux/africat-4200901-9,2026-02-05
https://www.myboat-oi.com/en/bateaux/petit-prince0901-125,2026-02-05
https://www.myboat-oi.com/es/bateaux/djerba-4702907-183,2026-02-05
https://www.myboat-oi.com/it/bateaux/sun-odyssey-331301-40,2026-02-05
https://www.myboat-oi.com/it/bateaux/lagoon-390405-64,2026-02-05
https://www.myboat-oi.com/nl/bateaux/edel-350311-115,2026-02-05
https://www.myboat-oi.com/nl/bateaux/lagoon-390405-64,2026-02-05
https://www.myboat-oi.com/es/bateaux/lagoon-390405-64,2026-02-05
https://www.myboat-oi.com/nl/bateaux/dean-4400909-101,2026-02-05
https://www.myboat-oi.com/nl/bateaux/evasion-340303-90,2026-02-05
https://www.myboat-oi.com/de/bateaux/lagoon-390405-64,2026-02-05
https://www.myboat-oi.com/en/bateaux/lagoon-390405-64,2026-02-05
https://www.myboat-oi.com/de/bateaux/evasion-340303-90,2026-02-05
https://www.myboat-oi.com/es/bateaux/edel-350311-115,2026-02-05
https://www.myboat-oi.com/nl/bateaux/techmarine2211-103,2026-02-05
https://www.myboat-oi.com/it/bateaux/evasion-340303-90,2026-02-05
https://www.myboat-oi.com/en/bateaux/techmarine2211-103,2026-02-05
https://www.myboat-oi.com/it/bateaux/techmarine2211-103,2026-02-05
https://www.myboat-oi.com/en/bateaux/evasion-340303-90,2026-02-05
https://www.myboat-oi.com/es/bateaux/evasion-340303-90,2026-02-05
https://www.myboat-oi.com/it/bateaux/garin-8m2601-21,2026-02-04
https://www.myboat-oi.com/nl/bateaux/garin-8m2601-21,2026-02-04
https://www.myboat-oi.com/de/bateaux/garin-8m2601-21,2026-02-04
https://www.myboat-oi.com/nl/bateaux/sunbird-spl-1940610-79,2026-02-04
https://www.myboat-oi.com/it/bateaux/tropic-360302-49,2026-02-04
https://www.myboat-oi.com/nl/bateaux/tropical-boat1712-86,2026-02-04
https://www.myboat-oi.com/it/bateaux/atch-14600107-26,2026-02-04
https://www.myboat-oi.com/es/bateaux/deriveur-45-alu1511-82,2026-02-04
https://www.myboat-oi.com/es/bateaux/garin-8m2601-21,2026-02-04
https://www.myboat-oi.com/en/bateaux/sunbird-spl-1940610-79,2026-02-04
https://www.myboat-oi.com/it/bateaux/sunbird-spl-1940610-79,2026-02-04
https://www.myboat-oi.com/es/bateaux/sunbird-spl-1940610-79,2026-02-04
https://www.myboat-oi.com/it/bateaux/deriveur-45-alu1511-82,2026-02-04
https://www.myboat-oi.com/de/bateaux/sunbird-spl-1940610-79,2026-02-04
https://www.myboat-oi.com/es/bateaux/tropic-360302-49,2026-02-04
https://www.myboat-oi.com/nl/bateaux/tropic-360302-49,2026-02-04
https://www.myboat-oi.com/de/bateaux/tropic-360302-49,2026-02-04
https://www.myboat-oi.com/es/bateaux/hunter-332504-94,2026-02-04
https://www.myboat-oi.com/de/bateaux/edel-cat-35-sport1705-24,2026-02-04
https://www.myboat-oi.com/it/bateaux/tropical-boat1712-86,2026-02-04
https://www.myboat-oi.com/nl/bateaux/dean-3652410-102,2026-02-04
https://www.myboat-oi.com/en/bateaux/tropical-boat1712-86,2026-02-04
https://www.myboat-oi.com/en/bateaux/deriveur-45-alu1511-82,2026-02-04
https://www.myboat-oi.com/de/bateaux/donzi-352605-181,2026-02-04
https://www.myboat-oi.com/de/bateaux/tropical-boat1712-86,2026-02-04
https://www.myboat-oi.com/de/bateaux/dean-3652410-102,2026-02-04
https://www.myboat-oi.com/it/bateaux/dean-3652410-102,2026-02-04
https://www.myboat-oi.com/en/bateaux/dean-3652410-102,2026-02-04
https://www.myboat-oi.com/es/bateaux/dean-3652410-102,2026-02-04
https://www.myboat-oi.com/es/bateaux/tropical-boat1712-86,2026-02-04
https://www.myboat-oi.com/en/bateaux/tropic-360302-49,2026-02-04
https://www.myboat-oi.com/de/bateaux/sangaree-421602-53,2026-02-04
https://www.myboat-oi.com/es/bateaux/sangaree-421602-53,2026-02-04
https://www.myboat-oi.com/it/bateaux/sangaree-421602-53,2026-02-04
https://www.myboat-oi.com/nl/bateaux/sangaree-421602-53,2026-02-04
https://www.myboat-oi.com/en/bateaux/sangaree-421602-53,2026-02-04
https://www.myboat-oi.com/en/bateaux/vedette-habitable0302-105,2026-02-04
https://www.myboat-oi.com/es/bateaux/vedette-habitable0302-105,2026-02-04
https://www.myboat-oi.com/it/bateaux/vedette-habitable0302-105,2026-02-04
https://www.myboat-oi.com/de/bateaux/vedette-habitable0302-105,2026-02-04
https://www.myboat-oi.com/es/bateaux/donzi-352605-181,2026-02-04
https://www.myboat-oi.com/en/bateaux/astove-310504-92,2026-02-04
https://www.myboat-oi.com/es/bateaux/techmarine2211-103,2026-02-04
https://www.myboat-oi.com/es/bateaux/nouanni-44-deriveur-alu1801-46,2026-02-04
https://www.myboat-oi.com/de/bateaux/nouanni-44-deriveur-alu1801-46,2026-02-04
https://www.myboat-oi.com/it/bateaux/open-990m1410-158,2026-02-04
https://www.myboat-oi.com/en/bateaux/nouanni-44-deriveur-alu1801-46,2026-02-03
https://www.myboat-oi.com/nl/bateaux/astove-310504-92,2026-02-03
https://www.myboat-oi.com/es/bateaux/techmarine-212507-143,2026-02-03
https://www.myboat-oi.com/en/bateaux/goelette1808-28,2026-02-03
https://www.myboat-oi.com/it/bateaux/wharram1712-164,2026-02-03
https://www.myboat-oi.com/nl/bateaux/comarine3005-133,2026-02-03
https://www.myboat-oi.com/nl/bateaux/schooner-500502-126,2026-02-03
https://www.myboat-oi.com/nl/bateaux/cotre-acier2007-100,2026-02-03
https://www.myboat-oi.com/it/bateaux/techmarine-212507-143,2026-02-03
https://www.myboat-oi.com/nl/bateaux/petit-prince0901-125,2026-02-03
https://www.myboat-oi.com/it/bateaux/beneteau-flyer-650-open2010-7,2026-02-03
https://www.myboat-oi.com/en/bateaux/drop-260601-37,2026-02-03
https://www.myboat-oi.com/de/bateaux/drop-260601-37,2026-02-03
https://www.myboat-oi.com/it/bateaux/luhrs-360801-38,2026-02-03
https://www.myboat-oi.com/de/bateaux/petit-prince0901-125,2026-02-03
https://www.myboat-oi.com/en/bateaux/tropical-boat-14m802804-177,2026-02-03
https://www.myboat-oi.com/es/bateaux/petit-prince0901-125,2026-02-03
https://www.myboat-oi.com/de/bateaux/triptyque-233004-63,2026-02-03
https://www.myboat-oi.com/it/bateaux/petit-prince0901-125,2026-02-03
https://www.myboat-oi.com/nl/bateaux/astilleros-3561301-11,2026-02-03
https://www.myboat-oi.com/en/bateaux/trinidad-482807-110,2026-02-03
https://www.myboat-oi.com/es/bateaux/astilleros-3561301-11,2026-02-03
https://www.myboat-oi.com/es/bateaux/toky-12m1812-166,2026-02-03
https://www.myboat-oi.com/en/bateaux/schooner-500502-126,2026-02-03
https://www.myboat-oi.com/nl/bateaux/wharram1712-164,2026-02-03
https://www.myboat-oi.com/it/bateaux/athena-380803-56,2026-02-03
https://www.myboat-oi.com/it/bateaux/lagoon-380s21504-131,2026-02-03
https://www.myboat-oi.com/de/bateaux/lagoon-380s21504-131,2026-02-03
https://www.myboat-oi.com/en/bateaux/jeanneau2907-75,2026-02-03
https://www.myboat-oi.com/nl/bateaux/jeanneau2907-75,2026-02-03
https://www.myboat-oi.com/it/bateaux/y-s-431412-85,2026-02-03
https://www.myboat-oi.com/nl/bateaux/escale-392208-147,2026-02-03
https://www.myboat-oi.com/en/bateaux/escale-392208-147,2026-02-03
https://www.myboat-oi.com/es/bateaux/escale-392208-147,2026-02-03
https://www.myboat-oi.com/it/bateaux/escale-392208-147,2026-02-03
https://www.myboat-oi.com/it/bateaux/dragonfly-280510-78,2026-02-03
https://www.myboat-oi.com/it/bateaux/leopard-532309-150,2026-02-03
https://www.myboat-oi.com/es/bateaux/comarine3005-133,2026-02-03
https://www.myboat-oi.com/es/bateaux/power-cat-361410-185,2026-02-03
https://www.myboat-oi.com/es/bateaux/ne-quid-nimis1809-112,2026-02-03
https://www.myboat-oi.com/de/bateaux/ne-quid-nimis1809-112,2026-02-03
https://www.myboat-oi.com/en/bateaux/ne-quid-nimis1809-112,2026-02-03
https://www.myboat-oi.com/nl/bateaux/ne-quid-nimis1809-112,2026-02-03
https://www.myboat-oi.com/it/bateaux/ne-quid-nimis1809-112,2026-02-03
https://www.myboat-oi.com/nl/bateaux/triswood2607-73,2026-02-03
https://www.myboat-oi.com/it/bateaux/cramar-372605-178,2026-02-03
https://www.myboat-oi.com/nl/bateaux/azimut-43s0901-167,2026-02-03
https://www.myboat-oi.com/bateaux/dean-4401911-163,2026-02-03
https://www.myboat-oi.com/nl/bateaux/lagoon-423001-169,2026-02-03
https://www.myboat-oi.com/es/bateaux/athena-380803-56,2026-02-03
https://www.myboat-oi.com/en/bateaux/cramar-372605-178,2026-02-03
https://www.myboat-oi.com/nl/bateaux/athena-380803-56,2026-02-03
https://www.myboat-oi.com/de/bateaux/athena-380803-56,2026-02-03
https://www.myboat-oi.com/de/bateaux/goelette1808-28,2026-02-03
https://www.myboat-oi.com/es/bateaux/goelette1808-28,2026-02-03
https://www.myboat-oi.com/nl/bateaux/goelette1808-28,2026-02-03
https://www.myboat-oi.com/it/bateaux/goelette1808-28,2026-02-03
https://www.myboat-oi.com/it/bateaux/leopard-53-20202409-151,2026-02-03
https://www.myboat-oi.com/nl/bateaux/dragonfly-280510-78,2026-02-03
https://www.myboat-oi.com/it/bateaux/lagoon-423001-169,2026-02-03
https://www.myboat-oi.com/es/bateaux/lagoon-423001-169,2026-02-03
https://www.myboat-oi.com/en/bateaux/lagoon-423001-169,2026-02-03
https://www.myboat-oi.com/it/bateaux/beneteau-flyer-7-8-9-neuf1107-141,2026-02-03
https://www.myboat-oi.com/de/bateaux/escale-392208-147,2026-02-03
https://www.myboat-oi.com/es/bateaux/dean-4401911-163,2026-02-03
https://www.myboat-oi.com/it/bateaux/dean-4401911-163,2026-02-03
https://www.myboat-oi.com/de/bateaux/schooner-500502-126,2026-02-03
https://www.myboat-oi.com/it/bateaux/schooner-500502-126,2026-02-03
https://www.myboat-oi.com/nl/bateaux/leopard-53-20202409-151,2026-02-03
https://www.myboat-oi.com/nl/bateaux/bahia-462707-144,2026-02-03
https://www.myboat-oi.com/nl/bateaux/dufour-413001-168,2026-02-03
https://www.myboat-oi.com/it/bateaux/dufour-413001-168,2026-02-03
https://www.myboat-oi.com/nl/bateaux/ultra-mar-shaft-7m301311-186,2026-02-03
https://www.myboat-oi.com/es/bateaux/beneteau-flyer-7-8-9-neuf1107-141,2026-02-03
https://www.myboat-oi.com/nl/bateaux/beneteau-flyer-7-8-9-neuf1107-141,2026-02-03
https://www.myboat-oi.com/de/bateaux/lagoon-423001-169,2026-02-03
https://www.myboat-oi.com/it/bateaux/ultra-mar-shaft-7m301311-186,2026-02-03
https://www.myboat-oi.com/nl/bateaux/dean-4401911-163,2026-02-03
https://www.myboat-oi.com/it/bateaux/lagoon-3803001-171,2026-02-03
https://www.myboat-oi.com/nl/bateaux/lagoon-3803001-171,2026-02-03
https://www.myboat-oi.com/de/bateaux/azimut-43s0901-167,2026-02-03
https://www.myboat-oi.com/es/bateaux/sun-odyssey-39-i1911-188,2026-02-03
https://www.myboat-oi.com/en/bateaux/donzi-352605-181,2026-02-03
https://www.myboat-oi.com/de/bateaux/flot-313009-155,2026-02-03
https://www.myboat-oi.com/nl/bateaux/sun-odyssey-349-limited-edition2602-130,2026-02-03
https://www.myboat-oi.com/nl/bateaux/power-cat-361410-185,2026-02-03
https://www.myboat-oi.com/en/bateaux/power-cat-361410-185,2026-02-03
https://www.myboat-oi.com/de/bateaux/power-cat-361410-185,2026-02-03
https://www.myboat-oi.com/it/bateaux/jeanneau-cap-camarat-105-cc2605-180,2026-02-03
https://www.myboat-oi.com/de/bateaux/hammercat-35-neuf0807-138,2026-02-03
https://www.myboat-oi.com/es/bateaux/drop-260601-37,2026-02-03
https://www.myboat-oi.com/en/bateaux/hammercat-35-neuf0807-138,2026-02-03
https://www.myboat-oi.com/it/bateaux/maryland-371310-32,2026-02-03
https://www.myboat-oi.com/nl/bateaux/maryland-371310-32,2026-02-03
https://www.myboat-oi.com/en/bateaux/astilleros-3561301-11,2026-02-03
https://www.myboat-oi.com/nl/bateaux/jeanneau-45121012-47,2026-02-03
https://www.myboat-oi.com/it/bateaux/jeanneau-45121012-47,2026-02-03
https://www.myboat-oi.com/nl/bateaux/edel-cat-35-open1710-159,2026-02-03
https://www.myboat-oi.com/es/bateaux/edel-cat-35-open1710-159,2026-02-03
https://www.myboat-oi.com/de/bateaux/open-990m1410-158,2026-02-03
https://www.myboat-oi.com/es/bateaux/open-990m1410-158,2026-02-03
https://www.myboat-oi.com/nl/bateaux/open-990m1410-158,2026-02-03
https://www.myboat-oi.com/it/bateaux/harmony-471202-173,2026-02-03
https://www.myboat-oi.com/en/bateaux/open-990m1410-158,2026-02-03
https://www.myboat-oi.com/nl/bateaux/beneteau-gran-turismo-401107-140,2026-02-03
https://www.myboat-oi.com/en/bateaux/polycoque-caraibe0812-83,2026-02-03
https://www.myboat-oi.com/es/bateaux/triswood2607-73,2026-02-03
https://www.myboat-oi.com/de/bateaux/polycoque-caraibe0812-83,2026-02-03
https://www.myboat-oi.com/es/bateaux/luhrs-360801-38,2026-02-03
https://www.myboat-oi.com/nl/bateaux/luhrs-360801-38,2026-02-03
https://www.myboat-oi.com/en/bateaux/luhrs-360801-38,2026-02-03
https://www.myboat-oi.com/de/bateaux/luhrs-360801-38,2026-02-03
https://www.myboat-oi.com/nl/bateaux/trinidad-482807-110,2026-02-03
https://www.myboat-oi.com/it/bateaux/trinidad-482807-110,2026-02-03
https://www.myboat-oi.com/de/bateaux/trinidad-482807-110,2026-02-03
https://www.myboat-oi.com/de/bateaux/techmarine-212507-143,2026-02-03
https://www.myboat-oi.com/nl/bateaux/techmarine-212507-143,2026-02-03
https://www.myboat-oi.com/nl/bateaux/cramar-372605-178,2026-02-03
https://www.myboat-oi.com/de/bateaux/dix-harvey2410-161,2026-02-03
https://www.myboat-oi.com/en/bateaux/dean-4401911-163,2026-02-03
https://www.myboat-oi.com/nl/bateaux/beneteau-flyer-650-open2010-7,2026-02-03
https://www.myboat-oi.com/en/bateaux/techmarine-212507-143,2026-02-03
https://www.myboat-oi.com/en/bateaux/flot-313009-155,2026-02-03
https://www.myboat-oi.com/es/bateaux/flot-313009-155,2026-02-03
https://www.myboat-oi.com/it/bateaux/flot-313009-155,2026-02-03
https://www.myboat-oi.com/it/bateaux/lagoon-4203105-134,2026-02-03
https://www.myboat-oi.com/en/bateaux/trawler-cat0602-127,2026-02-03
https://www.myboat-oi.com/it/bateaux/astilleros-3561301-11,2026-02-03
https://www.myboat-oi.com/de/bateaux/astilleros-3561301-11,2026-02-03
https://www.myboat-oi.com/en/bateaux/athena-380803-56,2026-02-03
https://www.myboat-oi.com/en/bateaux/beneteau-flyer-650-open2010-7,2026-02-03
https://www.myboat-oi.com/es/bateaux/y-s-431412-85,2026-02-03
https://www.myboat-oi.com/it/bateaux/bavaria-500806-135,2026-02-03
https://www.myboat-oi.com/de/bateaux/triswood2607-73,2026-02-03
https://www.myboat-oi.com/es/bateaux/sun-odyssee2111-34,2026-02-03
https://www.myboat-oi.com/en/bateaux/sun-odyssee2111-34,2026-02-03
https://www.myboat-oi.com/nl/bateaux/sun-odyssee2111-34,2026-02-03
https://www.myboat-oi.com/de/bateaux/sun-odyssee2111-34,2026-02-03
https://www.myboat-oi.com/it/bateaux/sun-odyssee2111-34,2026-02-03
https://www.myboat-oi.com/it/bateaux/hammercat-35-neuf0807-138,2026-02-03
https://www.myboat-oi.com/nl/bateaux/djerba-4702907-183,2026-02-03
https://www.myboat-oi.com/en/bateaux/dufour-413001-168,2026-02-03
https://www.myboat-oi.com/nl/bateaux/triptyque-233004-63,2026-02-03
https://www.myboat-oi.com/it/bateaux/sun-odyssey-349-limited-edition2602-130,2026-02-03
https://www.myboat-oi.com/es/bateaux/hammercat-35-neuf0807-138,2026-02-03
https://www.myboat-oi.com/es/bateaux/triptyque-233004-63,2026-02-03
https://www.myboat-oi.com/it/bateaux/triptyque-233004-63,2026-02-03
https://www.myboat-oi.com/es/bateaux/dufour-413001-168,2026-02-03
https://www.myboat-oi.com/it/bateaux/tropical-boat-14m802804-177,2026-02-03
https://www.myboat-oi.com/it/bateaux/toky-12m1812-166,2026-02-03
https://www.myboat-oi.com/nl/bateaux/y-s-431412-85,2026-02-03
https://www.myboat-oi.com/de/bateaux/y-s-431412-85,2026-02-03
https://www.myboat-oi.com/de/bateaux/beneteau-flyer-650-open2010-7,2026-02-03
https://www.myboat-oi.com/es/bateaux/beneteau-flyer-650-open2010-7,2026-02-03
https://www.myboat-oi.com/de/bateaux/djerba-4702907-183,2026-02-03
https://www.myboat-oi.com/nl/bateaux/hammercat-35-neuf0807-138,2026-02-03
https://www.myboat-oi.com/it/bateaux/lagoon-52s1103-175,2026-02-03
https://www.myboat-oi.com/nl/bateaux/lagoon-52s1103-175,2026-02-03
https://www.myboat-oi.com/de/bateaux/cotre-acier2007-100,2026-02-03
https://www.myboat-oi.com/nl/bateaux/lagoon-4203105-134,2026-02-03
https://www.myboat-oi.com/nl/bateaux/colombo-aliante-32s2605-179,2026-02-03
https://www.myboat-oi.com/es/bateaux/schooner-500502-126,2026-02-03
https://www.myboat-oi.com/en/bateaux/triswood2607-73,2026-02-03