URL,Ignored (Yes/No),Landing page (Yes/No),Tag status
myboat-oi.com/admin/articles/6,No,No,Not tagged
www.myboat-oi.com/acheter/monocoque/gib-sea-432405.html,No,No,Not tagged
www.myboat-oi.com/acheter/monocoque/goelette-german-fres1809.html,No,No,Not tagged
www.myboat-oi.com/acheter/multicoques/mahe-361809.html,No,No,Not tagged
www.myboat-oi.com/es/barcos,No,No,Not tagged
www.myboat-oi.com/bateaux/sun-odyssey-39-i1911-188,No,No,Tagged
www.myboat-oi.com/en/boats/galapagos-431604-176,No,No,Tagged
www.myboat-oi.com/contact,No,Yes,Tagged
www.myboat-oi.com/bateaux/lagoon-4503001-172,No,No,Tagged
www.myboat-oi.com/bateaux/trimaki1711-120,No,Yes,Tagged
www.myboat-oi.com/vendre,No,Yes,Tagged
myboat-oi.com/de/partner,No,No,Tagged
myboat-oi.com/de,No,No,Tagged
myboat-oi.com/en/boats,No,No,Tagged
myboat-oi.com/en,No,No,Tagged
www.myboat-oi.com/en/boats/edel-cat-35-open1710-159,No,No,Tagged
www.myboat-oi.com/bateaux/norman-cross-36r3107-145,No,No,Tagged
www.myboat-oi.com/en/boats/norman-cross-36r3107-145,No,No,Tagged
www.myboat-oi.com/en,No,Yes,Tagged
www.myboat-oi.com/en/boats/dean-4410611-117,No,No,Tagged
www.myboat-oi.com/en/boats/leopard-382202-129,No,No,Tagged
www.myboat-oi.com/en/boats,No,Yes,Tagged
www.myboat-oi.com/bateaux/ultra-mar-shaft-7m301311-186,No,No,Tagged
myboat-oi.com/articles,No,No,Tagged
myboat-oi.com/,No,No,Tagged
myboat-oi.com/contact,No,No,Tagged
myboat-oi.com/en/,No,No,Tagged
myboat-oi.com/bateaux/galapagos-431604-176,No,No,Tagged
www.myboat-oi.com/nl/boten/norman-cross-36r3107-145,No,Yes,Tagged
www.myboat-oi.com/bateaux/beneteau-flyer-7-8-9-neuf1107-141,No,No,Tagged
www.myboat-oi.com/bateaux,No,No,Tagged
www.myboat-oi.com/,No,Yes,Tagged
www.myboat-oi.com/bateaux/hunter-2351906-106,No,No,Tagged
www.myboat-oi.com/bateaux/leopard-532309-150,No,No,Tagged
www.myboat-oi.com/bateaux/edel-cat-35-open1710-159,No,No,Tagged
www.myboat-oi.com/bateaux/dean-4410611-117,No,No,Tagged
www.myboat-oi.com/bateaux/iris-372502-174,No,No,Tagged
www.myboat-oi.com/bateaux/lagoon-52s1103-175,No,No,Tagged
www.myboat-oi.com/bateaux/djerba-4702907-183,No,No,Tagged
www.myboat-oi.com/bateaux/bahia-462707-144,No,No,Tagged
www.myboat-oi.com/bateaux/dean-4401911-163,No,No,Tagged
www.myboat-oi.com/bateaux/leopard-382202-129,No,No,Tagged
www.myboat-oi.com/bateaux/lagoon-410-s21702-89,No,No,Tagged
myboat-oi.com/bateaux,No,No,Tagged
myboat-oi.com/articles/acheter-bateau-ile-maurice-guide,No,No,Tagged
myboat-oi.com/bateaux/lagoon-410-s21702-89,No,No,Tagged
www.myboat-oi.com/it/articoli/quel-type-de-bateau-choisir-pour-naviguer-dans-locean-indien,No,Yes,Tagged
www.myboat-oi.com/bateaux/triswood2607-73,No,No,Tagged
www.myboat-oi.com/bateaux/jeanneau-45121012-47,No,No,Tagged
myboat-oi.com/bateaux/djerba-4702907-183,No,No,Tagged
myboat-oi.com/categories,No,No,Tagged
www.myboat-oi.com/es/barcos/lagoon-4701602-54,No,No,Tagged
www.myboat-oi.com/acheter/monocoque.html,No,No,Tagged
www.myboat-oi.com/acheter/monocoque/dufour-413001.html,No,No,Tagged
www.myboat-oi.com/acheter/multicoques/wharram-naria-mk-iv2202.html,No,No,Tagged
www.myboat-oi.com/acheter/multicoques/dix-harvey2410.html,No,No,Tagged
www.myboat-oi.com/acheter/monocoque/nouanni-44-deriveur-alu1801.html,No,No,Tagged
www.myboat-oi.com/acheter/monocoque/galapagos-431604.html,No,No,No recent data
www.myboat-oi.com/acheter/multicoques/leopard-382202.html,No,No,No recent data
www.myboat-oi.com/acheter/monocoque/hunter-2351906.html,No,No,No recent data
www.myboat-oi.com/acheter/bateau%20moteur/riviera-30000510.html,No,No,No recent data
www.myboat-oi.com/acheter/multicoques/edel-cat-35-open1710.html,No,No,No recent data
www.myboat-oi.com/acheter/multicoques.html,No,No,No recent data
www.myboat-oi.com/acheter/acheter-bateau-reunion.html,No,No,No recent data
www.myboat-oi.com/acheter/bateau%20moteur/toky-9m501812.html,No,No,No recent data
www.myboat-oi.com/acheter/bateau-moteur.html,No,No,No recent data
www.myboat-oi.com/acheter/bateau%20moteur/donzi-352605.html,No,No,No recent data
www.myboat-oi.com/acheter/bateau%20moteur/beneteau-gran-turismo-401107.html,No,No,No recent data
www.myboat-oi.com/acheter/bateau%20moteur/colombo-aliante-32s2605.html,No,No,No recent data
www.myboat-oi.com/acheter/bateau%20moteur/wellcraft-scarab-302605.html,No,No,No recent data
www.myboat-oi.com/acheter/multicoques/norman-cross-36r3107.html,No,No,No recent data
www.myboat-oi.com/acheter/acheter-bateau-maurice.html,No,No,No recent data
www.myboat-oi.com/acheter/multicoques/wharram1712.html,No,No,No recent data
www.myboat-oi.com/en/buy/buy-boat-mauritius.html,No,No,No recent data
www.myboat-oi.com/acheter/bateau-neuf.html,No,No,No recent data
www.myboat-oi.com/vendre-bateau.html,No,No,No recent data
www.myboat-oi.com/permis-bateau.html,No,No,No recent data
www.myboat-oi.com/maintenance-et-sav-bateau.html,No,No,No recent data
www.myboat-oi.com/acheter/catamaran-moteur.html,No,No,No recent data
www.myboat-oi.com/acheter/acheter-bateau-metropole.html,No,No,No recent data
www.myboat-oi.com/acheter/acheter-bateau-madagascar.html,No,No,No recent data
www.myboat-oi.com/acheter/bateau%20neuf/hammercat-35-neuf0807.html,No,No,No recent data
www.myboat-oi.com/acheter/monocoque/jeanneau-45121012.html,No,No,No recent data
www.myboat-oi.com/en/buy/buy-boat-madagascar.html,No,No,No recent data
www.myboat-oi.com/acheter/multicoques/edel-350311.html,No,No,No recent data
www.myboat-oi.com/en/buy/multihull.html,No,No,No recent data
www.myboat-oi.com/form/,No,No,No recent data
www.myboat-oi.com/acheter/monocoque/hunter-332504.html,No,No,No recent data
www.myboat-oi.com/acheter/bateau%20moteur/xmc-241007.html,No,No,No recent data
www.myboat-oi.com/acheter/multicoques/lagoon-403001.html,No,No,No recent data
www.myboat-oi.com/acheter/multicoques/lagoon-4503001.html,No,No,No recent data
www.myboat-oi.com/acheter/bateau%20moteur/cramar-372605.html,No,No,No recent data
www.myboat-oi.com/acheter/catamaran%20moteur/maryland-371310.html,No,No,No recent data
www.myboat-oi.com/en/buy/motor-catamaran.html,No,No,No recent data
www.myboat-oi.com/acheter/multicoques/triptyque-233004.html,No,No,No recent data
www.myboat-oi.com/acheter/monocoque/petit-prince0901.html,No,No,No recent data
www.myboat-oi.com/acheter/multicoques/norman-cross-261701.html,No,No,No recent data
www.myboat-oi.com/acheter/monocoque/atch-14600107.html,No,No,No recent data
www.myboat-oi.com/acheter/monocoque/cotre-acier2007.html,No,No,No recent data
www.myboat-oi.com/acheter/multicoques/venezia-421911.html,No,No,No recent data
www.myboat-oi.com/acheter/bateau%20moteur/ocqueteau-olympique-7002909.html,No,No,No recent data
www.myboat-oi.com/acheter/monocoque/north-wind-470607.html,No,No,No recent data
www.myboat-oi.com/acheter/multicoques/dean-3651705.html,No,No,No recent data
www.myboat-oi.com/acheter/monocoque/schooner-500502.html,No,No,No recent data
www.myboat-oi.com/acheter/multicoques/lagoon-4501102.html,No,No,No recent data
www.myboat-oi.com/acheter/catamaran%20moteur/trawler-cat0602.html,No,No,No recent data
www.myboat-oi.com/acheter/bateau%20moteur/vedette-pro1012.html,No,No,No recent data
www.myboat-oi.com/acheter/bateau%20moteur/azimut-43s0901.html,No,No,No recent data
www.myboat-oi.com/acheter/acheter-bateau-mayotte.html,No,No,No recent data
www.myboat-oi.com/acheter/bateau%20moteur/astilleros-3561301.html,No,No,No recent data
www.myboat-oi.com/acheter/multicoques/maldive-320704.html,No,No,No recent data
www.myboat-oi.com/acheter/monocoque/grand-large-570801.html,No,No,No recent data
www.myboat-oi.com/nous-contacter.html,No,No,No recent data
www.myboat-oi.com/acheter/multicoques/speed-7701012.html,No,No,No recent data
www.myboat-oi.com/acheter/multicoques/bahia-462707.html,No,No,No recent data
www.myboat-oi.com/acheter/monocoque/triswood2607.html,No,No,No recent data
www.myboat-oi.com/acheter/bateau%20moteur/ultra-mar-shaft-7m301311.html,No,No,No recent data
www.myboat-oi.com/acheter/bateau%20moteur/techmarine-212507.html,No,No,No recent data
www.myboat-oi.com/acheter/multicoques/tiki-261411.html,No,No,No recent data
www.myboat-oi.com/acheter/multicoques/lagoon-4701602.html,No,No,No recent data
www.myboat-oi.com/acheter/multicoques/lagoon-52s1103.html,No,No,No recent data
www.myboat-oi.com/en/,No,No,No recent data
www.myboat-oi.com/acheter/bateau%20moteur/djerba-4702907.html,No,No,No recent data
www.myboat-oi.com/en/buy/monohull.html,No,No,No recent data
www.myboat-oi.com/acheter/acheter-bateau-seychelles.html,No,No,No recent data
www.myboat-oi.com/acheter/voile-legere.html,No,No,No recent data
www.myboat-oi.com/acheter/multicoques/mahe-360202.html,No,No,No recent data
www.myboat-oi.com/acheter/bateau%20moteur/open-990m1410.html,No,No,No recent data
www.myboat-oi.com/acheter/acheter-bateau-pacifique.html,No,No,No recent data
www.myboat-oi.com/acheter/monocoque/sun-odyssey-39-i1911.html,No,No,No recent data
www.myboat-oi.com/acheter/multicoques/athena-380803.html,No,No,No recent data
www.myboat-oi.com/acheter/multicoques/drop-260601.html,No,No,No recent data
www.myboat-oi.com/acheter/catamaran%20moteur/leopard-53-20202409.html,No,No,No recent data
www.myboat-oi.com/acheter/catamaran%20moteur/leopard-532309.html,No,No,No recent data
www.myboat-oi.com/acheter/catamaran%20moteur/fontaine-pajot-cumberland-462109.html,No,No,No recent data
www.myboat-oi.com/acheter/catamaran%20moteur/toky-12m1812.html,No,No,No recent data
www.myboat-oi.com/acheter/catamaran%20moteur/tropical-boat-14m802804.html,No,No,No recent data
www.myboat-oi.com/acheter/bateau%20moteur/jeanneau-cap-camarat-105-cc2605.html,No,No,No recent data
www.myboat-oi.com/acheter/multicoques/dragonfly-280510.html,No,No,No recent data
www.myboat-oi.com/acheter/multicoques/lagoon-462409.html,No,No,No recent data
www.myboat-oi.com/acheter/multicoques/lagoon-3803001.html,No,No,No recent data
www.myboat-oi.com/acheter/multicoques/astus-205-sport0602.html,No,No,No recent data
www.myboat-oi.com/acheter/multicoques/trimaki1711.html,No,No,No recent data
www.myboat-oi.com/acheter/bateau%20neuf/beneteau-flyer-7-8-9-neuf1107.html,No,No,No recent data
www.myboat-oi.com/acheter/bateau-peche.html,No,No,No recent data
www.myboat-oi.com/acheter/monocoque/first-2112006.html,No,No,No recent data
www.myboat-oi.com/acheter/multicoques/dean-4401911.html,No,No,No recent data
www.myboat-oi.com/acheter/multicoques/lagoon-410-s21702.html,No,No,No recent data
www.myboat-oi.com/acheter/monocoque/via-42-deriveur-alu2001.html,No,No,No recent data
www.myboat-oi.com/acheter/monocoque/boutre-gasy1207.html,No,No,No recent data
www.myboat-oi.com/acheter/monocoque/sun-odyssey-331301.html,No,No,No recent data
www.myboat-oi.com/acheter/multicoques/looping-572304.html,No,No,No recent data
www.myboat-oi.com/acheter/bateau%20moteur/type-argos2608.html,No,No,No recent data
www.myboat-oi.com/acheter/monocoque/efo-oyster-343005.html,No,No,No recent data
www.myboat-oi.com/acheter/monocoque/harmony-471202.html,No,No,No recent data
www.myboat-oi.com/en/boat-license.html,No,No,No recent data
www.myboat-oi.com/acheter/bateau%20moteur/techmarine-10700911.html,No,No,No recent data
www.myboat-oi.com/en/buy/buy-boat-mayotte.html,No,No,No recent data
www.myboat-oi.com/en/sell-boat.html,No,No,No recent data
www.myboat-oi.com/acheter/monocoque/sun-odyssey-349-limited-edition2602.html,No,No,No recent data
www.myboat-oi.com/acheter/bateau%20moteur/sunbird-spl-1940610.html,No,No,No recent data
www.myboat-oi.com/en/buy/buy-boat-seychelles.html,No,No,No recent data
www.myboat-oi.com/acheter/monocoque/ne-quid-nimis1809.html,No,No,No recent data
www.myboat-oi.com/acheter/bateau%20moteur/trawler-cat0602.html,No,No,No recent data
www.myboat-oi.com/acheter/multicoques/dean-4410611.html,No,No,No recent data
www.myboat-oi.com/acheter/multicoques/lagoon-472505.html,No,No,No recent data
www.myboat-oi.com/acheter/multicoques/dean-3652410.html,No,No,No recent data
www.myboat-oi.com/plan-du-site.html,No,No,No recent data
www.myboat-oi.com/acheter/monocoque/grisbi-360912.html,No,No,No recent data
www.myboat-oi.com/en/buy/buy-boat-reunion.html,No,No,No recent data
www.myboat-oi.com/acheter/multicoques/edel-cat-35-sport1705.html,No,No,No recent data
www.myboat-oi.com/en/buy/new-boat.html,No,No,No recent data
www.myboat-oi.com/en/buy/fishing-boat.html,No,No,No recent data
www.myboat-oi.com/acheter/bateau%20moteur/comarine3005.html,No,No,No recent data
www.myboat-oi.com/acheter/multicoques/polycoque-caraibe0812.html,No,No,No recent data
www.myboat-oi.com/acheter/bateau%20moteur/techmarine2211.html,No,No,No recent data
www.myboat-oi.com/acheter/monocoque/goelette1808.html,No,No,No recent data
www.myboat-oi.com/acheter/catamaran%20moteur/power-cat-361410.html,No,No,No recent data
www.myboat-oi.com/acheter/multicoques/tropic-360302.html,No,No,No recent data
www.myboat-oi.com/acheter/bateau%20moteur/sessa-432409.html,No,No,No recent data
www.myboat-oi.com/acheter/monocoque/goelette-14m0907.html,No,No,No recent data
www.myboat-oi.com/acheter/multicoques/speed-770-od-moi0611.html,No,No,No recent data
www.myboat-oi.com/acheter/catamaran%20moteur/iris-372502.html,No,No,No recent data
www.myboat-oi.com/acheter/bateau%20moteur/jeanneau2907.html,No,No,No recent data
www.myboat-oi.com/acheter/bateau%20moteur/hammercat-35-neuf0807.html,No,No,No recent data
www.myboat-oi.com/acheter/multicoques/escale-392208.html,No,No,No recent data
www.myboat-oi.com/acheter/bateau%20moteur/balt-6601207.html,No,No,No recent data
www.myboat-oi.com/acheter/bateau%20moteur/arvor-180207.html,No,No,No recent data
www.myboat-oi.com/acheter/bateau%20moteur/vedette-habitable0302.html,No,No,No recent data
www.myboat-oi.com/acheter/monocoque/bruce-farr-540412.html,No,No,No recent data
www.myboat-oi.com/acheter/bateau%20moteur/antares-9051502.html,No,No,No recent data
www.myboat-oi.com/acheter/monocoque/astove-310504.html,No,No,No recent data
www.myboat-oi.com/acheter/bateau%20moteur/luhrs-360801.html,No,No,No recent data
www.myboat-oi.com/mentionslegales.html,No,No,No recent data
www.myboat-oi.com/acheter/bateau%20moteur/prao1501.html,No,No,No recent data
www.myboat-oi.com/en/good-boat-selling.html,No,No,No recent data
www.myboat-oi.com/acheter/monocoque/etap-32-s2203.html,No,No,No recent data
www.myboat-oi.com/en/buy/boat-engine.html,No,No,No recent data
www.myboat-oi.com/acheter/multicoques/lagoon-400s21305.html,No,No,No recent data
www.myboat-oi.com/acheter/multicoques/leopard-472908.html,No,No,No recent data
www.myboat-oi.com/acheter/monocoque/jeanneau-4512101.html,No,No,No recent data
www.myboat-oi.com/acheter/bateau%20moteur/tropical-boat2112.html,No,No,No recent data
www.myboat-oi.com/acheter/bateau%20moteur/bateau-de-verre0112.html,No,No,No recent data
www.myboat-oi.com/en/buy/buy-boat-pacific-ocean.html,No,No,No recent data
www.myboat-oi.com/acheter/acheter-voilier.html,No,No,No recent data
www.myboat-oi.com/acheter/multicoques/eleuthera-600405.html,No,No,No recent data
www.myboat-oi.com/acheter/multicoques/belize-431512.html,No,No,No recent data
www.myboat-oi.com/acheter/monocoque/evasion-341910.html,No,No,No recent data
www.myboat-oi.com/acheter/monocoque/evasion-340303.html,No,No,No recent data
www.myboat-oi.com/acheter/bateau%20moteur/beneteau-flyer-650-open2010.html,No,No,No recent data
www.myboat-oi.com/en/boat-types.html,No,No,No recent data
www.myboat-oi.com/en/contact.html,No,No,No recent data
www.myboat-oi.com/acheter/multicoques/lagoon-423001.html,No,No,No recent data
www.myboat-oi.com/acheter/bateau%20moteur/cap-camarat2511.html,No,No,No recent data
www.myboat-oi.com/acheter/bateau%20moteur/trawler-island-gispy-442103.html,No,No,No recent data
www.myboat-oi.com/acheter/monocoque/aventurin-542807.html,No,No,No recent data
www.myboat-oi.com/en/buy/light-sail-boat.html,No,No,No recent data
www.myboat-oi.com/acheter/multicoques/previlege-121409.html,No,No,No recent data
www.myboat-oi.com/acheter/bateau%20moteur/padi-312206.html,No,No,No recent data
www.myboat-oi.com/acheter/monocoque/flot-313009.html,No,No,No recent data
www.myboat-oi.com/acheter/monocoque/sun-odyssee2111.html,No,No,No recent data
www.myboat-oi.com/en/buy/buy-boat-france.html,No,No,No recent data
www.myboat-oi.com/acheter/monocoque/sun-odyssey-4190405.html,No,No,No recent data
www.myboat-oi.com/acheter/monocoque/hunraken-ct-431710.html,No,No,No recent data
www.myboat-oi.com/acheter/multicoques/dean-4400909.html,No,No,No recent data
www.myboat-oi.com/acheter/multicoques/dean-3650908.html,No,No,No recent data
www.myboat-oi.com/acheter/monocoque/swan-380511.html,No,No,No recent data
www.myboat-oi.com/acheter/bateau%20moteur/tropical-boat1712.html,No,No,No recent data
www.myboat-oi.com/acheter/multicoques/belize-430903.html,No,No,No recent data
www.myboat-oi.com/bien-vendre-son-bateau.html,No,No,No recent data
www.myboat-oi.com/acheter/bateau%20moteur/cap-camara-77-wa2101.html,No,No,No recent data
www.myboat-oi.com/acheter/multicoques/nautitech-401509.html,No,No,No recent data
www.myboat-oi.com/acheter/monocoque/bavaria-500806.html,No,No,No recent data
www.myboat-oi.com/acheter/monocoque/deriveur-45-alu1511.html,No,No,No recent data
www.myboat-oi.com/acheter/multicoques/jaguar-380906.html,No,No,No recent data
www.myboat-oi.com/acheter/bateau%20moteur/zar-750207.html,No,No,No recent data
www.myboat-oi.com/acheter/multicoques/lagoon-4203105.html,No,No,No recent data
www.myboat-oi.com/acheter/bateau%20moteur/beneteau-flyer-7-8-9-neuf1107.html,No,No,No recent data
www.myboat-oi.com/acheter/bateau%20moteur/fontaine-pajot-cumberland-462109.html,No,No,No recent data
www.myboat-oi.com/en/boat-maintenance-and-after-sales-service.html,No,No,No recent data
www.myboat-oi.com/acheter/multicoques/lagoon-380s21504.html,No,No,No recent data
www.myboat-oi.com/types-bateaux.html,No,No,No recent data
www.myboat-oi.com/acheter/bateau%20moteur/princess3009.html,No,No,No recent data
www.myboat-oi.com/en/buy/buy-sailboat.html,No,No,No recent data
www.myboat-oi.com/acheter/multicoques/wharram-nakai-mk-iv0210.html,No,No,No recent data
www.myboat-oi.com/acheter/multicoques/leopard-47-de-2004-a-rentrer2101.html,No,No,No recent data
www.myboat-oi.com/en/legalmentions.html,No,No,No recent data
www.myboat-oi.com/acheter/monocoque/atch-14602704.html,No,No,No recent data
www.myboat-oi.com/acheter/monocoque/first-41s3004.html,No,No,No recent data
www.myboat-oi.com/acheter/multicoques/vandame-501401.html,No,No,No recent data
www.myboat-oi.com/acheter/multicoques/sangaree-421602.html,No,No,No recent data
www.myboat-oi.com/acheter/bateau%20moteur/garin-8m2601.html,No,No,No recent data
www.myboat-oi.com/acheter/multicoques/lagoon-3800909.html,No,No,No recent data
www.myboat-oi.com/acheter/multicoques/helia-440405.html,No,No,No recent data
www.myboat-oi.com/acheter/multicoques/lagoon-390405.html,No,No,No recent data
