Pages les plus populaires,Clics,Impressions,CTR,Position
https://www.myboat-oi.com/,829,9536,8.69%,12.6
https://www.myboat-oi.com/acheter/acheter-bateau-madagascar.html,403,2955,13.64%,5.46
https://www.myboat-oi.com/acheter/acheter-bateau-reunion.html,235,2060,11.41%,8.67
https://www.myboat-oi.com/acheter/acheter-bateau-mayotte.html,156,601,25.96%,7.15
https://www.myboat-oi.com/acheter/acheter-bateau-maurice.html,110,1637,6.72%,8.99
https://www.myboat-oi.com/acheter/monocoque/nouanni-44-deriveur-alu1801.html,75,1542,4.86%,10.81
https://www.myboat-oi.com/acheter/monocoque/petit-prince0901.html,73,1275,5.73%,3.49
https://www.myboat-oi.com/en/,70,2311,3.03%,15.21
https://www.myboat-oi.com/en,67,1185,5.65%,9.35
https://www.myboat-oi.com/bateaux,66,1526,4.33%,13.07
https://www.myboat-oi.com/fr/bateaux?zone=la-reunion,47,469,10.02%,10.45
https://www.myboat-oi.com/acheter/multicoques/tiki-261411.html,44,342,12.87%,5.62
https://www.myboat-oi.com/acheter/bateau-peche.html,39,438,8.9%,25.21
https://www.myboat-oi.com/acheter/monocoque/via-42-deriveur-alu2001.html,34,363,9.37%,13.66
https://www.myboat-oi.com/acheter/monocoque/galapagos-431604.html,34,341,9.97%,2.95
https://www.myboat-oi.com/acheter/multicoques.html,33,2088,1.58%,21.95
https://www.myboat-oi.com/acheter/monocoque/boutre-gasy1207.html,33,933,3.54%,6.52
https://www.myboat-oi.com/acheter/monocoque/triswood2607.html,33,134,24.63%,2.75
https://www.myboat-oi.com/en/buy/buy-boat-madagascar.html,30,293,10.24%,7
https://www.myboat-oi.com/acheter/multicoques/wharram-naria-mk-iv2202.html,28,623,4.49%,7.69
https://www.myboat-oi.com/en/buy/multihull.html,27,728,3.71%,14.5
https://www.myboat-oi.com/acheter/multicoques/looping-572304.html,22,108,20.37%,13.25
https://www.myboat-oi.com/acheter/multicoques/edel-cat-35-open1710.html,21,501,4.19%,14.82
https://www.myboat-oi.com/acheter/acheter-bateau-seychelles.html,21,233,9.01%,7.08
https://www.myboat-oi.com/acheter/bateau moteur/sunbird-spl-1940610.html,20,469,4.26%,2.86
https://www.myboat-oi.com/acheter/monocoque/grand-large-570801.html,20,292,6.85%,4.06
https://www.myboat-oi.com/acheter/bateau moteur/astilleros-3561301.html,18,324,5.56%,6.79
https://www.myboat-oi.com/acheter/catamaran-moteur.html,16,1260,1.27%,38.58
https://www.myboat-oi.com/acheter/multicoques/edel-350311.html,16,223,7.17%,20.74
https://www.myboat-oi.com/acheter/monocoque/ne-quid-nimis1809.html,15,484,3.1%,8.8
https://www.myboat-oi.com/acheter/multicoques/lagoon-472505.html,15,201,7.46%,5.9
https://www.myboat-oi.com/acheter/multicoques/maldive-320704.html,14,296,4.73%,13.1
https://www.myboat-oi.com/acheter/multicoques/speed-7701012.html,14,202,6.93%,5.63
https://www.myboat-oi.com/en/buy/buy-boat-seychelles.html,13,457,2.84%,7.8
https://www.myboat-oi.com/acheter/monocoque/dufour-413001.html,13,109,11.93%,7.52
https://www.myboat-oi.com/acheter/bateau moteur/comarine3005.html,11,285,3.86%,5.44
https://www.myboat-oi.com/acheter/bateau moteur/antares-9051502.html,11,185,5.95%,7.57
https://www.myboat-oi.com/acheter/multicoques/triptyque-233004.html,11,100,11%,4.47
https://www.myboat-oi.com/fr/bateaux?type=voilier-monocoque,10,195,5.13%,9.11
https://www.myboat-oi.com/acheter/multicoques/trimaki1711.html,10,120,8.33%,6.98
https://www.myboat-oi.com/acheter/monocoque/harmony-471202.html,10,82,12.2%,7.13
https://www.myboat-oi.com/acheter/multicoques/norman-cross-36r3107.html,10,66,15.15%,4.52
https://www.myboat-oi.com/en/buy/motor-catamaran.html,9,453,1.99%,9.4
https://www.myboat-oi.com/acheter/monocoque.html,9,394,2.28%,10.35
https://www.myboat-oi.com/acheter/bateau moteur/jeanneau2907.html,9,392,2.3%,9.69
https://www.myboat-oi.com/acheter/bateau moteur/techmarine-212507.html,9,323,2.79%,6.53
https://www.myboat-oi.com/acheter/multicoques/escale-392208.html,9,301,2.99%,7.03
https://www.myboat-oi.com/acheter/multicoques/edel-cat-35-sport1705.html,9,268,3.36%,24.12
https://www.myboat-oi.com/acheter/bateau moteur/techmarine2211.html,9,241,3.73%,6.5
https://www.myboat-oi.com/acheter/bateau moteur/balt-6601207.html,9,109,8.26%,3.56
https://www.myboat-oi.com/bateaux/galapagos-431604-176,9,88,10.23%,5.27
https://www.myboat-oi.com/acheter/bateau moteur/techmarine-10700911.html,8,395,2.03%,5.83
https://www.myboat-oi.com/acheter/bateau moteur/arvor-180207.html,8,334,2.4%,10.34
https://www.myboat-oi.com/acheter/multicoques/drop-260601.html,8,140,5.71%,4.21
https://www.myboat-oi.com/acheter/acheter-voilier.html,8,107,7.48%,7.33
https://www.myboat-oi.com/en/buy/fishing-boat.html,7,170,4.12%,15.75
https://www.myboat-oi.com/acheter/monocoque/north-wind-470607.html,7,169,4.14%,21.65
https://www.myboat-oi.com/acheter/bateau moteur/xmc-241007.html,7,118,5.93%,4.59
"https://www.myboat-oi.com/acheter/bateau 
moteur/ocqueteau-olympique-7002909.html",7,106,6.6%,3.82
https://www.myboat-oi.com/acheter/bateau moteur/open-990m1410.html,7,104,6.73%,8.25
https://www.myboat-oi.com/acheter/monocoque/swan-380511.html,7,96,7.29%,8.47
https://www.myboat-oi.com/en/boat-license.html,6,3386,0.18%,7.33
https://www.myboat-oi.com/acheter/monocoque/sun-odyssey-349-limited-edition2602.html,6,289,2.08%,35.48
https://www.myboat-oi.com/acheter/multicoques/mahe-360202.html,6,197,3.05%,20.58
https://www.myboat-oi.com/acheter/monocoque/etap-32-s2203.html,6,156,3.85%,17.81
https://www.myboat-oi.com/de,6,108,5.56%,20.83
https://www.myboat-oi.com/acheter/bateau moteur/type-argos2608.html,6,94,6.38%,4.81
https://www.myboat-oi.com/acheter/multicoques/dean-4401911.html,6,69,8.7%,7.54
https://www.myboat-oi.com/fr/bateaux?zone=mayotte,6,64,9.38%,26.16
https://www.myboat-oi.com/acheter/multicoques/dean-4410611.html,6,56,10.71%,7.36
https://www.myboat-oi.com/bateaux/wharram1712-164,6,43,13.95%,9.35
https://www.myboat-oi.com/acheter/monocoque/grisbi-360912.html,6,38,15.79%,2.92
https://www.myboat-oi.com/acheter/monocoque/evasion-340303.html,5,456,1.1%,13.55
https://www.myboat-oi.com/acheter/catamaran moteur/toky-12m1812.html,5,316,1.58%,15.43
https://www.myboat-oi.com/acheter/multicoques/polycoque-caraibe0812.html,5,172,2.91%,21.24
https://www.myboat-oi.com/acheter/bateau moteur/trawler-cat0602.html,5,170,2.94%,34.05
https://www.myboat-oi.com/acheter/multicoques/lagoon-410-s21702.html,5,163,3.07%,22.21
https://www.myboat-oi.com/acheter/multicoques/bahia-462707.html,5,132,3.79%,28.06
https://www.myboat-oi.com/acheter/multicoques/wharram1712.html,5,117,4.27%,9.2
https://www.myboat-oi.com/bateaux/edel-cat-35-open1710-159,5,109,4.59%,14.9
https://www.myboat-oi.com/en/buy/buy-sailboat.html,5,90,5.56%,12.02
https://www.myboat-oi.com/acheter/multicoques/tropic-360302.html,5,71,7.04%,6.72
https://www.myboat-oi.com/acheter/bateau moteur/tropical-boat1712.html,4,302,1.32%,9.23
https://www.myboat-oi.com/acheter/bateau-moteur.html,4,246,1.63%,18.6
https://www.myboat-oi.com/acheter/bateau moteur/luhrs-360801.html,4,233,1.72%,9.33
https://www.myboat-oi.com/acheter/catamaran moteur/maryland-371310.html,4,111,3.6%,13.85
https://www.myboat-oi.com/en/buy/buy-boat-reunion.html,4,96,4.17%,11.31
https://www.myboat-oi.com/acheter/multicoques/lagoon-3800909.html,4,77,5.19%,37.55
https://www.myboat-oi.com/acheter/multicoques/leopard-382202.html,4,63,6.35%,12.62
https://www.myboat-oi.com/en/buy/buy-boat-mayotte.html,4,62,6.45%,5.89
https://www.myboat-oi.com/acheter/monocoque/hunraken-ct-431710.html,4,36,11.11%,9.14
https://www.myboat-oi.com/acheter/multicoques/wharram-nakai-mk-iv0210.html,4,35,11.43%,9.31
https://www.myboat-oi.com/acheter/multicoques/leopard-472908.html,4,34,11.76%,18.59
https://www.myboat-oi.com/en/buy/buy-boat-mauritius.html,3,617,0.49%,38.53
https://www.myboat-oi.com/acheter/bateau moteur/toky-9m501812.html,3,357,0.84%,10.83
https://www.myboat-oi.com/en/buy/monohull.html,3,333,0.9%,23.22
https://www.myboat-oi.com/acheter/multicoques/belize-430903.html,3,113,2.65%,37.34
https://www.myboat-oi.com/acheter/multicoques/astus-205-sport0602.html,3,103,2.91%,14.02
https://www.myboat-oi.com/maintenance-et-sav-bateau.html,3,82,3.66%,23
https://www.myboat-oi.com/acheter/bateau moteur/djerba-4702907.html,3,73,4.11%,9.16
https://www.myboat-oi.com/articles/naviguer-dans-locean-indien-le-guide-complet-du-permis-et-du-pavillon,3,70,4.29%,4.47
https://www.myboat-oi.com/acheter/monocoque/goelette-14m0907.html,3,70,4.29%,16.5
https://www.myboat-oi.com/fr/bateaux?zone=maurice,3,58,5.17%,15.03
https://www.myboat-oi.com/bateaux/via-42-deriveur-alu2001-15,3,52,5.77%,11.67
https://www.myboat-oi.com/acheter/bateau moteur/prao1501.html,3,45,6.67%,27.78
https://www.myboat-oi.com/acheter/multicoques/eleuthera-600405.html,3,37,8.11%,11.57
https://www.myboat-oi.com/acheter/multicoques/dean-3651705.html,3,35,8.57%,14.17
https://www.myboat-oi.com/en/buy/light-sail-boat.html,3,34,8.82%,12.85
https://www.myboat-oi.com/acheter/acheter-bateau-pacifique.html,3,34,8.82%,16.15
https://www.myboat-oi.com/acheter/multicoques/belize-431512.html,3,31,9.68%,30.19
https://www.myboat-oi.com/bateaux/sun-odyssey-39-i1911-188,3,10,30%,21.2
https://www.myboat-oi.com/acheter/monocoque/first-2112006.html,2,433,0.46%,30.09
https://www.myboat-oi.com/acheter/monocoque/goelette1808.html,2,128,1.56%,7.71
https://www.myboat-oi.com/en/buy/boat-engine.html,2,111,1.8%,13.73
https://www.myboat-oi.com/bateaux/lagoon-410-s21702-89,2,79,2.53%,20.56
https://www.myboat-oi.com/acheter/multicoques/dean-3652410.html,2,76,2.63%,7.82
https://www.myboat-oi.com/acheter/monocoque/flot-313009.html,2,74,2.7%,9.54
https://www.myboat-oi.com/acheter/monocoque/hunter-2351906.html,2,74,2.7%,12.03
https://www.myboat-oi.com/acheter/multicoques/norman-cross-261701.html,2,71,2.82%,8.75
https://www.myboat-oi.com/acheter/bateau moteur/vedette-pro1012.html,2,69,2.9%,7.91
https://www.myboat-oi.com/acheter/monocoque/efo-oyster-343005.html,2,66,3.03%,7
https://www.myboat-oi.com/acheter/catamaran moteur/power-cat-361410.html,2,61,3.28%,16.98
https://www.myboat-oi.com/nl,2,61,3.28%,25.34
https://www.myboat-oi.com/acheter/monocoque/cotre-acier2007.html,2,58,3.45%,4.86
https://www.myboat-oi.com/acheter/bateau moteur/offshore-cruiser-461906.html,2,51,3.92%,26.9
https://www.myboat-oi.com/es,2,46,4.35%,6.33
https://www.myboat-oi.com/bateaux/hunter-2351906-106,2,44,4.55%,7.73
https://www.myboat-oi.com/acheter/multicoques/lagoon-4701602.html,2,44,4.55%,8.25
https://www.myboat-oi.com/acheter/monocoque/y-s-431412.html,2,43,4.65%,7.86
https://www.myboat-oi.com/acheter/monocoque/hunter-332504.html,2,38,5.26%,7.13
https://www.myboat-oi.com/acheter/bateau moteur/riviera-30000510.html,2,36,5.56%,13.5
https://www.myboat-oi.com/acheter/bateau moteur/azimut-43s0901.html,2,30,6.67%,9.53
https://www.myboat-oi.com/acheter/monocoque/schooner-500502.html,2,29,6.9%,17.52
https://www.myboat-oi.com/nl/artikelen/quel-type-de-bateau-choisir-pour-naviguer-dans-locean-indien,2,28,7.14%,10
"https://www.myboat-oi.com/acheter/bateau 
moteur/ultra-mar-shaft-7m301311.html",2,17,11.76%,8.53
https://www.myboat-oi.com/contact,2,17,11.76%,16.35
https://www.myboat-oi.com/bateaux/norman-cross-36r3107-145,2,13,15.38%,3.92
https://www.myboat-oi.com/acheter/bateau moteur/colombo-aliante-32s2605.html,2,5,40%,1.8
https://www.myboat-oi.com/nl/bateaux/toky-12m1812-166,2,3,66.67%,2.67
https://www.myboat-oi.com/nl/verkopen,1,593,0.17%,36.48
https://www.myboat-oi.com/types-bateaux.html,1,542,0.18%,40.32
https://www.myboat-oi.com/vendre-bateau.html,1,180,0.56%,14.47
https://www.myboat-oi.com/acheter/multicoques/venezia-421911.html,1,153,0.65%,21.48
https://www.myboat-oi.com/en/sell-boat.html,1,142,0.7%,16.77
https://www.myboat-oi.com/acheter/bateau moteur/wellcraft-scarab-302605.html,1,138,0.72%,18.79
https://www.myboat-oi.com/en/boats,1,110,0.91%,22.46
https://www.myboat-oi.com/acheter/voile-legere.html,1,95,1.05%,29.56
https://www.myboat-oi.com/bateaux/sun-odyssey-349-limited-edition2602-130,1,91,1.1%,41.43
https://www.myboat-oi.com/acheter/multicoques/speed-770-od-moi0611.html,1,71,1.41%,4.55
https://www.myboat-oi.com/bateaux/trimaki1711-120,1,53,1.89%,21.26
https://www.myboat-oi.com/en/buy/new-boat.html,1,47,2.13%,6
https://www.myboat-oi.com/acheter/monocoque/gib-sea-432307.html,1,42,2.38%,14.38
https://www.myboat-oi.com/acheter/multicoques/dragonfly-280510.html,1,41,2.44%,22.34
https://www.myboat-oi.com/acheter/multicoques/lagoon-400s21305.html,1,41,2.44%,29.34
https://www.myboat-oi.com/a-propos,1,38,2.63%,7.55
https://www.myboat-oi.com/acheter/monocoque/trinidad-482807.html,1,38,2.63%,10.13
https://www.myboat-oi.com/fr/articles/vendre-son-bateau-5-conseils-dexpert-pour-conclure-rapidement,1,36,2.78%,17.86
https://www.myboat-oi.com/acheter/bateau moteur/tropical-boat2112.html,1,35,2.86%,6.23
https://www.myboat-oi.com/fr/bateaux?type_id=2,1,32,3.12%,3.28
https://www.myboat-oi.com/acheter/bateau moteur/sessa-432409.html,1,32,3.12%,26.47
"https://www.myboat-oi.com/acheter/bateau 
moteur/beneteau-flyer-650-open2010.html",1,29,3.45%,63.24
https://www.myboat-oi.com/acheter/monocoque/bruce-farr-540412.html,1,28,3.57%,9.57
https://www.myboat-oi.com/acheter/bateau-neuf.html,1,26,3.85%,29.54
https://www.myboat-oi.com/acheter/bateau moteur/bateau-de-verre0112.html,1,25,4%,10.8
https://www.myboat-oi.com/en/articles/naviguer-dans-locean-indien-le-guide-complet-du-permis-et-du-pavillon,1,23,4.35%,6.52
https://www.myboat-oi.com/login,1,22,4.55%,6.86
https://www.myboat-oi.com/acheter/monocoque/first-41s3004.html,1,22,4.55%,11.82
https://www.myboat-oi.com/en/buy/buy-boat-pacific-ocean.html,1,21,4.76%,6.76
https://www.myboat-oi.com/it/articoli/naviguer-dans-locean-indien-le-guide-complet-du-permis-et-du-pavillon,1,20,5%,5.55
https://www.myboat-oi.com/acheter/bateau moteur/princess3009.html,1,20,5%,8.15
https://www.myboat-oi.com/acheter/monocoque/westerly0611.html,1,20,5%,37.95
https://www.myboat-oi.com/bateaux/lagoon-4701602-54,1,17,5.88%,5.53
https://www.myboat-oi.com/acheter/multicoques/vandame-501401.html,1,17,5.88%,7.82
https://www.myboat-oi.com/acheter/monocoque/atch-14602704.html,1,12,8.33%,8.08
https://www.myboat-oi.com/acheter/bateau moteur/cap-camarat2511.html,1,10,10%,6.1
https://www.myboat-oi.com/de/bateaux/galapagos-431604-176,1,10,10%,6.2
https://www.myboat-oi.com/bateaux/triswood2607-73,1,9,11.11%,13.67
https://www.myboat-oi.com/acheter/monocoque/evasion-341910.html,1,9,11.11%,18.89
https://www.myboat-oi.com/en/boats/dufour-413001-168,1,8,12.5%,7.75
https://www.myboat-oi.com/bateaux/astus-205-sport0602-128,1,8,12.5%,9.5
https://www.myboat-oi.com/it/barche/norman-cross-36r3107-145,1,8,12.5%,10.62
https://www.myboat-oi.com/acheter/multicoques/sangaree-421602.html,1,8,12.5%,11.12
"https://www.myboat-oi.com/acheter/bateau 
moteur/jeanneau-cap-camarat-105-cc2605.html",1,7,14.29%,3.43
https://www.myboat-oi.com/bateaux/bahia-462707-144,1,6,16.67%,7.33
https://www.myboat-oi.com/en/barche/looping-572304-60,1,5,20%,4.4
https://www.myboat-oi.com/nl/boten/dufour-413001-168,1,4,25%,2.75
https://www.myboat-oi.com/acheter/bateau moteur/cramar-372605.html,1,4,25%,3.5
https://www.myboat-oi.com/bateaux/schooner-500502-126,1,4,25%,5
https://www.myboat-oi.com/fr/bateaux?zone=zanzibar,1,4,25%,25.75
https://www.myboat-oi.com/bateaux/maryland-371310-32,1,4,25%,28
https://www.myboat-oi.com/es/barcos?zone=metropole,1,3,33.33%,3.67
https://www.myboat-oi.com/bateaux?type_id=1,1,3,33.33%,7.33
https://www.myboat-oi.com/it/termini,1,3,33.33%,33
https://www.myboat-oi.com/nl/boten/galapagos-431604-176,1,2,50%,5
https://www.myboat-oi.com/it/partner,1,1,100%,8
https://www.myboat-oi.com/en/boat-maintenance-and-after-sales-service.html,0,235,0%,13.66
https://www.myboat-oi.com/acheter/monocoque/sun-odyssey-331301.html,0,195,0%,27.3
https://www.myboat-oi.com/acheter/monocoque/gib-sea-432405.html,0,181,0%,28.41
https://www.myboat-oi.com/it/vendere,0,172,0%,17.67
"https://www.myboat-oi.com/acheter/bateau 
moteur/beneteau-gran-turismo-401107.html",0,148,0%,46.2
https://www.myboat-oi.com/permis-bateau.html,0,145,0%,34.17
https://www.myboat-oi.com/de/verkaufen,0,141,0%,31.43
https://www.myboat-oi.com/acheter/multicoques/lagoon-4501102.html,0,131,0%,37.24
https://www.myboat-oi.com/en/boat-types.html,0,123,0%,18.52
https://www.myboat-oi.com/nl/artikelen/vendre-son-bateau-5-conseils-dexpert-pour-conclure-rapidement,0,113,0%,16.35
https://www.myboat-oi.com/acheter/monocoque/atch-14600107.html,0,105,0%,9.16
https://www.myboat-oi.com/nl/boten?zone=metropole,0,102,0%,9.75
https://www.myboat-oi.com/acheter/bateau moteur/vedette-habitable0302.html,0,101,0%,26.91
https://www.myboat-oi.com/en/good-boat-selling.html,0,100,0%,15.53
https://www.myboat-oi.com/es/vender,0,91,0%,27.44
https://www.myboat-oi.com/bateaux/leopard-382202-129,0,78,0%,2.37
https://www.myboat-oi.com/vendre,0,76,0%,8.58
https://www.myboat-oi.com/acheter/catamaran moteur/iris-372502.html,0,75,0%,6.71
https://www.myboat-oi.com/bien-vendre-son-bateau.html,0,75,0%,55.11
https://www.myboat-oi.com/acheter/multicoques/jaguar-380906.html,0,71,0%,5.83
https://www.myboat-oi.com/acheter/multicoques/leopard-47-de-2004-a-rentrer2101.html,0,63,0%,32.76
https://www.myboat-oi.com/acheter/bateau moteur/cap-camara-77-wa2101.html,0,62,0%,5.29
https://www.myboat-oi.com/nl/boten?type%5B0%5D=catamaran-a-voile&type%5B1%5D=catamaran-a-moteur,0,58,0%,34.21
https://www.myboat-oi.com/it/articoli/vendre-son-bateau-5-conseils-dexpert-pour-conclure-rapidement,0,57,0%,7.21
https://www.myboat-oi.com/fr/boten/wellcraft-scarab-302605-182,0,45,0%,29.13
https://www.myboat-oi.com/bateaux/first-2112006-108,0,45,0%,31.31
"https://www.myboat-oi.com/acheter/catamaran 
moteur/tropical-boat-14m802804.html",0,41,0%,7.2
https://www.myboat-oi.com/acheter/monocoque/deriveur-45-alu1511.html,0,40,0%,14.72
https://www.myboat-oi.com/nl/boten?type=vedette,0,40,0%,47.27
"https://www.myboat-oi.com/acheter/bateau 
neuf/beneteau-flyer-7-8-9-neuf1107.html",0,39,0%,26.92
https://www.myboat-oi.com/it,0,38,0%,8.39
https://www.myboat-oi.com/acheter/monocoque/sun-odyssey-4190405.html,0,37,0%,43.46
https://www.myboat-oi.com/en/contact,0,35,0%,14.4
https://www.myboat-oi.com/de/barche/vedette-pro1012-190,0,34,0%,9.35
https://www.myboat-oi.com/acheter/monocoque/moira-313107.html,0,33,0%,9.39
https://www.myboat-oi.com/en/boats/first-2112006-108,0,33,0%,30.39
https://www.myboat-oi.com/acheter/monocoque/jeanneau-45121012.html,0,28,0%,8.54
https://www.myboat-oi.com/acheter/bateau moteur/garin-8m2601.html,0,28,0%,36.43
https://www.myboat-oi.com/en/sell,0,26,0%,15.04
https://www.myboat-oi.com/es/articulos/vendre-son-bateau-5-conseils-dexpert-pour-conclure-rapidement,0,25,0%,18.84
https://www.myboat-oi.com/en/sitemap.html,0,24,0%,6
https://www.myboat-oi.com/en/buy/buy-boat-france.html,0,24,0%,26.96
https://www.myboat-oi.com/acheter/monocoque/bavaria-500806.html,0,24,0%,53.67
https://www.myboat-oi.com/acheter/bateau neuf/hammercat-35-neuf0807.html,0,23,0%,6.65
https://www.myboat-oi.com/it/barche,0,23,0%,12.65
https://www.myboat-oi.com/acheter/multicoques/athena-380803.html,0,21,0%,13.29
https://www.myboat-oi.com/nl/boten/beneteau-flyer-7-8-9-neuf1107-141,0,21,0%,16
https://www.myboat-oi.com/cgv,0,19,0%,26
https://www.myboat-oi.com/de/boote/wellcraft-scarab-302605-182,0,19,0%,41
https://www.myboat-oi.com/acheter/monocoque/goelette-german-fres1809.html,0,18,0%,4.94
https://www.myboat-oi.com/it/boats/edel-cat-35-open1710-159,0,18,0%,8.44
https://www.myboat-oi.com/en/articles/entretien-et-sav-comment-garantir-la-longevite-de-votre-bateau,0,18,0%,45.33
https://www.myboat-oi.com/nl/boten?zone=mayotte,0,17,0%,16.82
https://www.myboat-oi.com/acheter/multicoques/lagoon-391810.html,0,16,0%,26.44
https://www.myboat-oi.com/nl/boten,0,16,0%,47.06
https://www.myboat-oi.com/en/categories,0,15,0%,11
https://www.myboat-oi.com/acheter/monocoque/jeanneau-4512101.html,0,15,0%,11.67
https://www.myboat-oi.com/en/articles/quel-type-de-bateau-choisir-pour-naviguer-dans-locean-indien,0,15,0%,11.73
https://www.myboat-oi.com/nl/boten/edel-cat-35-open1710-159,0,15,0%,19.13
https://www.myboat-oi.com/en/about,0,14,0%,7.86
https://www.myboat-oi.com/de/boote,0,14,0%,22.43
https://www.myboat-oi.com/en/partners,0,13,0%,10.15
https://www.myboat-oi.com/bateaux/wellcraft-scarab-302605-182,0,13,0%,27.77
https://www.myboat-oi.com/es/articulos/quel-type-de-bateau-choisir-pour-naviguer-dans-locean-indien,0,12,0%,4.92
https://www.myboat-oi.com/bateaux/toky-9m501812-165,0,12,0%,9.42
https://www.myboat-oi.com/fr/articles/entretien-et-sav-comment-garantir-la-longevite-de-votre-bateau,0,12,0%,10.58
https://www.myboat-oi.com/bateaux/dean-4410611-117,0,11,0%,6.18
https://www.myboat-oi.com/bateaux/djerba-4702907-183,0,11,0%,6.64
https://www.myboat-oi.com/it/boats/fontaine-pajot-cumberland-462109-114,0,11,0%,8.73
https://www.myboat-oi.com/it/chi-siamo,0,11,0%,11.64
https://www.myboat-oi.com/it/articoli/quel-type-de-bateau-choisir-pour-naviguer-dans-locean-indien,0,10,0%,6.1
https://www.myboat-oi.com/acheter/multicoques/nautitech-401509.html,0,10,0%,6.6
https://www.myboat-oi.com/es/barcos,0,10,0%,11.9
https://www.myboat-oi.com/acheter/multicoques/dean-3650908.html,0,10,0%,14.3
https://www.myboat-oi.com/nl/boten?zone=madagascar,0,9,0%,6
"https://www.myboat-oi.com/acheter/catamaran 
moteur/fontaine-pajot-cumberland-462109.html",0,9,0%,6.89
https://www.myboat-oi.com/bateaux/tiki-261411-187,0,9,0%,6.89
https://www.myboat-oi.com/nl/artikelen/entretien-et-sav-comment-garantir-la-longevite-de-votre-bateau,0,9,0%,8.33
https://www.myboat-oi.com/bateaux/iris-372502-174,0,8,0%,5.88
https://www.myboat-oi.com/de/boote/beneteau-flyer-7-8-9-neuf1107-141,0,8,0%,7.25
"https://www.myboat-oi.com/acheter/bateau 
moteur/trawler-island-gispy-442103.html",0,8,0%,7.62
https://www.myboat-oi.com/nl/boten?zone=reunion,0,8,0%,7.75
https://www.myboat-oi.com/acheter/monocoque/aventurin-542807.html,0,8,0%,15.5
https://www.myboat-oi.com/es/barcos?type=trimaran,0,8,0%,64
https://www.myboat-oi.com/en/boote/boutre-gasy1207-99,0,7,0%,2.43
https://www.myboat-oi.com/acheter/bateau moteur/padi-312206.html,0,7,0%,6.29
https://www.myboat-oi.com/bateaux/colombo-aliante-32s2605-179,0,7,0%,7
https://www.myboat-oi.com/categories,0,7,0%,9
https://www.myboat-oi.com/acheter/multicoques/mahe-361809.html,0,7,0%,9.71
https://www.myboat-oi.com/nl/boten/maryland-371310-32,0,7,0%,9.71
https://www.myboat-oi.com/acheter/multicoques/dean-4400909.html,0,7,0%,11.43
https://www.myboat-oi.com/en/bateaux/edel-cat-35-open1710-159,0,7,0%,16.57
https://www.myboat-oi.com/it/articoli/entretien-et-sav-comment-garantir-la-longevite-de-votre-bateau,0,7,0%,21.86
https://www.myboat-oi.com/en/articles/vendre-son-bateau-5-conseils-dexpert-pour-conclure-rapidement,0,7,0%,33.43
https://www.myboat-oi.com/bateaux?zone=reunion,0,6,0%,3.83
https://www.myboat-oi.com/es/barcos?type=semi-rigide,0,6,0%,8.5
https://www.myboat-oi.com/es/articulos/entretien-et-sav-comment-garantir-la-longevite-de-votre-bateau,0,6,0%,8.83
https://www.myboat-oi.com/nl/over-ons,0,6,0%,9.17
https://www.myboat-oi.com/it/barche/beneteau-flyer-7-8-9-neuf1107-141,0,6,0%,10.83
https://www.myboat-oi.com/de/boote/cramar-372605-178,0,6,0%,11.33
https://www.myboat-oi.com/it/barche/fontaine-pajot-cumberland-462109-114,0,6,0%,14.33
https://www.myboat-oi.com/en/boats/donzi-352605-181,0,6,0%,16.5
https://www.myboat-oi.com/it/barche?type%5B0%5D=catamaran-a-voile&type%5B1%5D=catamaran-a-moteur,0,6,0%,17.17
https://www.myboat-oi.com/acheter/catamaran moteur/leopard-53-20202409.html,0,6,0%,18.17
https://www.myboat-oi.com/fr/bateaux?zone=metropole,0,5,0%,4.2
https://www.myboat-oi.com/en/boats/trimaki1711-120,0,5,0%,5.4
https://www.myboat-oi.com/bateaux/hammercat-35-neuf0807-138,0,5,0%,6
https://www.myboat-oi.com/articles/quel-type-de-bateau-choisir-pour-naviguer-dans-locean-indien,0,5,0%,7
https://www.myboat-oi.com/it/bateaux/edel-cat-35-open1710-159,0,5,0%,7.8
https://www.myboat-oi.com/fr/bateaux?type=bateau-de-peche,0,5,0%,13.6
https://www.myboat-oi.com/partenaires,0,5,0%,16.4
https://www.myboat-oi.com/acheter/bateau moteur/zar-750207.html,0,5,0%,20.4
https://www.myboat-oi.com/bateaux/dragonfly-280510-78,0,5,0%,27.6
https://www.myboat-oi.com/nl/boten?zone=la-reunion,0,5,0%,30.6
https://www.myboat-oi.com/en/boats/edel-cat-35-open1710-159,0,5,0%,41.4
https://www.myboat-oi.com/fr/bateaux/wellcraft-scarab-302605-182,0,5,0%,43.4
https://www.myboat-oi.com/en/boats/lagoon-4503001-172,0,4,0%,2.5
https://www.myboat-oi.com/acheter/bateau moteur/donzi-352605.html,0,4,0%,6
https://www.myboat-oi.com/bateaux/harmony-471202-173,0,4,0%,6
https://www.myboat-oi.com/de/boote/vedette-pro1012-190,0,4,0%,6
https://www.myboat-oi.com/acheter/monocoque/astove-310504.html,0,4,0%,6.75
https://www.myboat-oi.com/fr/bateaux?type_id=6,0,4,0%,8
https://www.myboat-oi.com/acheter/multicoques/previlege-121409.html,0,4,0%,9.75
https://www.myboat-oi.com/de/boote/beneteau-gran-turismo-401107-140,0,4,0%,13.5
https://www.myboat-oi.com/es/bateaux/edel-cat-35-open1710-159,0,4,0%,15.5
https://www.myboat-oi.com/acheter/catamaran moteur/leopard-532309.html,0,4,0%,16.25
https://www.myboat-oi.com/it/barcos/wharram1712-164,0,4,0%,16.75
https://www.myboat-oi.com/acheter/monocoque/sun-odyssey-39-i1911.html,0,4,0%,21
https://www.myboat-oi.com/nl/boten?type_id=5,0,4,0%,24.75
https://www.myboat-oi.com/acheter/multicoques/lagoon-52s1103.html,0,4,0%,41
https://www.myboat-oi.com/de/partner,0,3,0%,1
https://www.myboat-oi.com/en/boats/j-701701-13,0,3,0%,1
https://www.myboat-oi.com/it/categorie,0,3,0%,1.67
https://www.myboat-oi.com/bateaux/cramar-372605-178,0,3,0%,4.33
https://www.myboat-oi.com/bateaux/dufour-413001-168,0,3,0%,4.33
https://www.myboat-oi.com/it/barche?zone=seychelles,0,3,0%,4.33
https://www.myboat-oi.com/nl/boten/wharram1712-164,0,3,0%,5.67
https://www.myboat-oi.com/es/barcos?type_id=7,0,3,0%,6.33
https://www.myboat-oi.com/acheter/bateau moteur/africat-4200901.html,0,3,0%,7
https://www.myboat-oi.com/fr/bateaux/donzi-352605-181,0,3,0%,7
https://www.myboat-oi.com/nl/boten?type_id=4,0,3,0%,7
https://www.myboat-oi.com/en/barcos/dix-harvey2410-161,0,3,0%,8.33
https://www.myboat-oi.com/es/barcos?zone=seychelles,0,3,0%,8.33
https://www.myboat-oi.com/it/boats/norman-cross-36r3107-145,0,3,0%,8.33
https://www.myboat-oi.com/es/barcos/ultra-mar-shaft-7m301311-186,0,3,0%,10
https://www.myboat-oi.com/en/boats?type=bateau-moteur,0,3,0%,12
https://www.myboat-oi.com/de/boote/toky-9m501812-165,0,3,0%,12.33
https://www.myboat-oi.com/de/boote?type=bateau-moteur,0,3,0%,12.33
https://www.myboat-oi.com/acheter/multicoques/lagoon-390405.html,0,3,0%,15.67
https://www.myboat-oi.com/de/boote/tiki-261411-187,0,3,0%,19.33
https://www.myboat-oi.com/es/barcos?type%5B0%5D=catamaran-a-voile&type%5B1%5D=catamaran-a-moteur,0,3,0%,23.33
https://www.myboat-oi.com/bateaux/lagoon-4203105-134,0,3,0%,34
https://www.myboat-oi.com/bateaux/toky-12m1812-166,0,3,0%,35.67
https://www.myboat-oi.com/de/boote/galapagos-431604-176,0,3,0%,36.33
https://www.myboat-oi.com/it/boats/colombo-aliante-32s2605-179,0,3,0%,40
https://www.myboat-oi.com/fr/bateaux/lagoon-4203105-134,0,3,0%,45
https://www.myboat-oi.com/en/boats?zone=maurice,0,3,0%,66.67
https://www.myboat-oi.com/fr/bateaux/beneteau-gran-turismo-401107-140,0,3,0%,85.67
https://www.myboat-oi.com/bateaux/nouanni-44-deriveur-alu1801-46,0,2,0%,1
https://www.myboat-oi.com/bateaux?q=%7Bsearch_term_string%7D,0,2,0%,1
https://www.myboat-oi.com/de/boote/via-42-deriveur-alu2001-15,0,2,0%,1
https://www.myboat-oi.com/en/boote/j-701701-13,0,2,0%,1
https://www.myboat-oi.com/es/barcos/speed-770-od-moi0611-116,0,2,0%,1
https://www.myboat-oi.com/mentions-legales,0,2,0%,2.5
https://www.myboat-oi.com/fr/barcos/lagoon-4701602-54,0,2,0%,3
https://www.myboat-oi.com/acheter/multicoques/lagoon-380s21504.html,0,2,0%,5.5
https://www.myboat-oi.com/it/bateaux/djerba-4702907-183,0,2,0%,5.5
https://www.myboat-oi.com/bateaux/ultra-mar-shaft-7m301311-186,0,2,0%,6.5
https://www.myboat-oi.com/es/barcos/dean-4401911-163,0,2,0%,6.5
https://www.myboat-oi.com/de/boote/trimaki1711-120,0,2,0%,7
https://www.myboat-oi.com/it/bateaux/boutre-gasy1207-99,0,2,0%,7.5
https://www.myboat-oi.com/nl/boote/trimaki1711-120,0,2,0%,8
https://www.myboat-oi.com/acheter/multicoques/dix-harvey2410.html,0,2,0%,8.5
https://www.myboat-oi.com/it/contatto,0,2,0%,8.5
https://www.myboat-oi.com/de/boote?type=semi-rigide,0,2,0%,9
https://www.myboat-oi.com/de/boote/first-2112006-108,0,2,0%,9.5
https://www.myboat-oi.com/it/barche/astus-205-sport0602-128,0,2,0%,9.5
https://www.myboat-oi.com/bateaux/jeanneau-45121012-47,0,2,0%,10
https://www.myboat-oi.com/en/boats/vedette-pro1012-190,0,2,0%,10
https://www.myboat-oi.com/it/barche/hammercat-35-neuf0807-138,0,2,0%,10
https://www.myboat-oi.com/de/boote?occasion=0,0,2,0%,11
https://www.myboat-oi.com/de/boote/azimut-43s0901-167,0,2,0%,13
https://www.myboat-oi.com/bateaux/vedette-pro1012-190,0,2,0%,14
https://www.myboat-oi.com/nl/boten/harmony-471202-173,0,2,0%,14.5
https://www.myboat-oi.com/es/barcos/edel-cat-35-open1710-159,0,2,0%,22
https://www.myboat-oi.com/fr/bateaux?type_id=8,0,2,0%,27
https://www.myboat-oi.com/it/barche?type=catamaran,0,2,0%,28.5
https://www.myboat-oi.com/bateaux?type=catamaran,0,2,0%,29
https://www.myboat-oi.com/nl/boten/dean-4410611-117,0,2,0%,30.5
https://www.myboat-oi.com/es/barcos/wharram1712-164,0,2,0%,35
https://www.myboat-oi.com/en/boats/wellcraft-scarab-302605-182,0,2,0%,36.5
https://www.myboat-oi.com/de/bateaux/speed-770-od-moi0611-116,0,2,0%,37
https://www.myboat-oi.com/bateaux/lagoon-52s1103-175,0,2,0%,39.5
https://www.myboat-oi.com/nl/boten?zone=zanzibar,0,2,0%,41
https://www.myboat-oi.com/en/boats/power-cat-361410-185,0,2,0%,48
https://www.myboat-oi.com/acheter/multicoques/lagoon-423001.html,0,1,0%,1
https://www.myboat-oi.com/acheter/multicoques/lagoon-462409.html,0,1,0%,1
https://www.myboat-oi.com/articles,0,1,0%,1
https://www.myboat-oi.com/bateaux/lagoon-403001-170,0,1,0%,1
https://www.myboat-oi.com/en/boats/dean-3652410-102,0,1,0%,1
https://www.myboat-oi.com/en/boats/y-s-431412-85,0,1,0%,1
https://www.myboat-oi.com/es/barcos/y-s-431412-85,0,1,0%,1
https://www.myboat-oi.com/fr/bateaux?zone=hors-ocean-indien,0,1,0%,1
https://www.myboat-oi.com/acheter/multicoques/lagoon-3803001.html,0,1,0%,2
https://www.myboat-oi.com/bateaux/dix-harvey2410-161,0,1,0%,2
https://www.myboat-oi.com/fr/bateaux/lagoon-462409-152,0,1,0%,2
https://www.myboat-oi.com/fr/boten/lagoon-462409-152,0,1,0%,2
https://www.myboat-oi.com/acheter/multicoques/lagoon-4503001.html,0,1,0%,3
https://www.myboat-oi.com/nl/boote/belize-431512-35,0,1,0%,3
https://www.myboat-oi.com/bateaux/lagoon-3803001-171,0,1,0%,6
https://www.myboat-oi.com/en/boats/boutre-gasy1207-99,0,1,0%,6
https://www.myboat-oi.com/en/boats/lagoon-4701602-54,0,1,0%,6
https://www.myboat-oi.com/es/barcos/harmony-471202-173,0,1,0%,6
https://www.myboat-oi.com/es/bateaux/lagoon-3803001-171,0,1,0%,6
https://www.myboat-oi.com/images/produit/20210118_115145.jpeg,0,1,0%,6
https://www.myboat-oi.com/it/barche/beneteau-gran-turismo-401107-140,0,1,0%,6
https://www.myboat-oi.com/nl/bateaux/flot-313009-155,0,1,0%,6
https://www.myboat-oi.com/bateaux/beneteau-flyer-7-8-9-neuf1107-141,0,1,0%,7
https://www.myboat-oi.com/bateaux/sessa-432409-153,0,1,0%,7
https://www.myboat-oi.com/images/produit/101118_180205174532.jpeg,0,1,0%,7
https://www.myboat-oi.com/images/produit/IMG_20220218_091012.jpeg,0,1,0%,7
https://www.myboat-oi.com/it/barche/vedette-pro1012-190,0,1,0%,7
https://www.myboat-oi.com/it/barche?type_id=1,0,1,0%,7
https://www.myboat-oi.com/nl/boten?type=voilier-monocoque,0,1,0%,7
https://www.myboat-oi.com/de/bateaux/leopard-382202-129,0,1,0%,8
https://www.myboat-oi.com/de/boote/donzi-352605-181,0,1,0%,8
https://www.myboat-oi.com/en/bateaux/speed-7701012-84,0,1,0%,8
https://www.myboat-oi.com/es/barcos?zone=mayotte,0,1,0%,8
https://www.myboat-oi.com/fr/bateaux/north-wind-470607-136,0,1,0%,8
https://www.myboat-oi.com/images/produit/20210103_105156.jpeg,0,1,0%,8
https://www.myboat-oi.com/nl/boten/lagoon-4701602-54,0,1,0%,8
https://www.myboat-oi.com/es/barcos/vedette-pro1012-190,0,1,0%,9
https://www.myboat-oi.com/it/barche/toky-9m501812-165,0,1,0%,9
https://www.myboat-oi.com/nl/boten/colombo-aliante-32s2605-179,0,1,0%,9
https://www.myboat-oi.com/plan-du-site.html,0,1,0%,9
https://www.myboat-oi.com/de/boote/dragonfly-280510-78,0,1,0%,10
https://www.myboat-oi.com/de/kontakt,0,1,0%,10
https://www.myboat-oi.com/en/terms,0,1,0%,10
https://www.myboat-oi.com/fr/bateaux/lagoon-4701602-54,0,1,0%,10
https://www.myboat-oi.com/de/boats/harmony-471202-173,0,1,0%,11
https://www.myboat-oi.com/fr/barcos/sun-odyssey-349-limited-edition2602-130,0,1,0%,11
https://www.myboat-oi.com/de/bateaux/beneteau-gran-turismo-401107-140,0,1,0%,12
https://www.myboat-oi.com/es/contacto,0,1,0%,12
https://www.myboat-oi.com/fr/bateaux/via-42-deriveur-alu2001-15,0,1,0%,12
https://www.myboat-oi.com/it/bateaux/galapagos-431604-176,0,1,0%,12
https://www.myboat-oi.com/en/bateaux/lagoon-4203105-134,0,1,0%,13
https://www.myboat-oi.com/nl/artikelen/naviguer-dans-locean-indien-le-guide-complet-du-permis-et-du-pavillon,0,1,0%,13
https://www.myboat-oi.com/de/boote/lagoon-4203105-134,0,1,0%,14
https://www.myboat-oi.com/it/barche/lagoon-462409-152,0,1,0%,16
https://www.myboat-oi.com/images/produit/20210118_115054.jpeg,0,1,0%,18
https://www.myboat-oi.com/images/produit/IMG_1794 - Copie.jpeg,0,1,0%,18
https://www.myboat-oi.com/es/barcos/wellcraft-scarab-302605-182,0,1,0%,19
https://www.myboat-oi.com/nl/boten/toky-9m501812-165,0,1,0%,19
https://www.myboat-oi.com/images/produit/IMG_1196.jpeg,0,1,0%,21
https://www.myboat-oi.com/bateaux/beneteau-gran-turismo-401107-140,0,1,0%,25
"https://www.myboat-oi.com/images/produit/WhatsApp Image 2024-07-05 ea 
12.25.07_e2799dcd.jpeg",0,1,0%,27
https://www.myboat-oi.com/en/boote/wharram1712-164,0,1,0%,29
https://www.myboat-oi.com/de/boote/drop-260601-37,0,1,0%,37
https://www.myboat-oi.com/es/barcos/dean-4410611-117,0,1,0%,39
https://www.myboat-oi.com/it/articoli,0,1,0%,39
https://www.myboat-oi.com/it/barche/lagoon-4701602-54,0,1,0%,43
https://www.myboat-oi.com/it/barche/wharram1712-164,0,1,0%,46
https://www.myboat-oi.com/bateaux/jeanneau-cap-camarat-105-cc2605-180,0,1,0%,48
https://www.myboat-oi.com/nl/boten/jeanneau-45121012-47,0,1,0%,50
https://www.myboat-oi.com/en/boote/power-cat-361410-185,0,1,0%,57
https://www.myboat-oi.com/nl/boten?zone=seychelles,0,1,0%,58
https://www.myboat-oi.com/de/boote?type_id=6,0,1,0%,65
https://www.myboat-oi.com/es/barcos/evasion-341910-6,0,1,0%,68
https://www.myboat-oi.com/it/boten/hammercat-35-neuf0807-138,0,1,0%,75
https://www.myboat-oi.com/bateaux/power-cat-361410-185,0,1,0%,118